[{
  "_id": {
    "$oid": "6469daa0da0b8e34ca4878be"
  },
  "gender": "Female",
  "numBooks": 3,
  "address": "709 Lunder Drive",
  "name": "Rosemaria"
},{
  "_id": {
    "$oid": "6469daa0da0b8e34ca4878bf"
  },
  "gender": "Female",
  "numBooks": 10,
  "address": "45608 Parkside Plaza",
  "name": "Adena"
},{
  "_id": {
    "$oid": "6469daa0da0b8e34ca4878c0"
  },
  "gender": "Female",
  "numBooks": 7,
  "address": "4952 Chinook Point",
  "name": "Devina"
},{
  "_id": {
    "$oid": "6469daa0da0b8e34ca4878c1"
  },
  "gender": "Bigender",
  "numBooks": 2,
  "address": "0496 Jenna Place",
  "name": "Rriocard"
},{
  "_id": {
    "$oid": "6469daa0da0b8e34ca4878c2"
  },
  "gender": "Female",
  "numBooks": 5,
  "address": "527 Lerdahl Plaza",
  "name": "Hedwiga"
},{
  "_id": {
    "$oid": "6469daa0da0b8e34ca4878c3"
  },
  "gender": "Female",
  "numBooks": 6,
  "address": "69 Messerschmidt Crossing",
  "name": "Sorcha"
},{
  "_id": {
    "$oid": "6469daa0da0b8e34ca4878c4"
  },
  "gender": "Male",
  "numBooks": 5,
  "address": "9741 Mockingbird Park",
  "name": "Llewellyn"
},{
  "_id": {
    "$oid": "6469daa0da0b8e34ca4878c5"
  },
  "gender": "Male",
  "numBooks": 8,
  "address": "4 Talmadge Alley",
  "name": "Shalom"
},{
  "_id": {
    "$oid": "6469daa0da0b8e34ca4878c6"
  },
  "gender": "Male",
  "numBooks": 1,
  "address": "7 Express Junction",
  "name": "Rudie"
},{
  "_id": {
    "$oid": "6469daa0da0b8e34ca4878c7"
  },
  "gender": "Polygender",
  "numBooks": 4,
  "address": "404 Drewry Pass",
  "name": "Anjanette"
},{
  "_id": {
    "$oid": "6469daa0da0b8e34ca4878c8"
  },
  "gender": "Male",
  "numBooks": 10,
  "address": "17 Namekagon Park",
  "name": "Beau"
},{
  "_id": {
    "$oid": "6469daa0da0b8e34ca4878c9"
  },
  "gender": "Male",
  "numBooks": 7,
  "address": "93575 Forest Run Terrace",
  "name": "Had"
},{
  "_id": {
    "$oid": "6469daa0da0b8e34ca4878ca"
  },
  "gender": "Agender",
  "numBooks": 9,
  "address": "5182 Cottonwood Trail",
  "name": "Ambrosio"
},{
  "_id": {
    "$oid": "6469daa0da0b8e34ca4878cb"
  },
  "gender": "Female",
  "numBooks": 7,
  "address": "1 Kim Parkway",
  "name": "Nora"
},{
  "_id": {
    "$oid": "6469daa0da0b8e34ca4878cc"
  },
  "gender": "Female",
  "numBooks": 5,
  "address": "42069 Bellgrove Center",
  "name": "Mariam"
},{
  "_id": {
    "$oid": "6469daa0da0b8e34ca4878cd"
  },
  "gender": "Male",
  "numBooks": 7,
  "address": "3838 Summer Ridge Trail",
  "name": "Niel"
},{
  "_id": {
    "$oid": "6469daa0da0b8e34ca4878ce"
  },
  "gender": "Male",
  "numBooks": 10,
  "address": "3 Everett Avenue",
  "name": "Rabbi"
},{
  "_id": {
    "$oid": "6469daa0da0b8e34ca4878cf"
  },
  "gender": "Male",
  "numBooks": 4,
  "address": "13 Rigney Hill",
  "name": "Xavier"
},{
  "_id": {
    "$oid": "6469daa0da0b8e34ca4878d0"
  },
  "gender": "Female",
  "numBooks": 3,
  "address": "2 Colorado Trail",
  "name": "Lurline"
},{
  "_id": {
    "$oid": "6469daa0da0b8e34ca4878d1"
  },
  "gender": "Male",
  "numBooks": 2,
  "address": "18 Susan Park",
  "name": "Ham"
},{
  "_id": {
    "$oid": "6469daa0da0b8e34ca4878d2"
  },
  "gender": "Male",
  "numBooks": 9,
  "address": "13 Springs Park",
  "name": "Stavro"
},{
  "_id": {
    "$oid": "6469daa0da0b8e34ca4878d3"
  },
  "gender": "Male",
  "numBooks": 3,
  "address": "545 Anniversary Alley",
  "name": "Ferris"
},{
  "_id": {
    "$oid": "6469daa0da0b8e34ca4878d4"
  },
  "gender": "Male",
  "numBooks": 10,
  "address": "6433 Sachtjen Crossing",
  "name": "Thornie"
},{
  "_id": {
    "$oid": "6469daa0da0b8e34ca4878d5"
  },
  "gender": "Male",
  "numBooks": 8,
  "address": "392 Graedel Drive",
  "name": "Donn"
},{
  "_id": {
    "$oid": "6469daa0da0b8e34ca4878d6"
  },
  "gender": "Female",
  "numBooks": 6,
  "address": "6 Elka Pass",
  "name": "Danette"
},{
  "_id": {
    "$oid": "6469daa0da0b8e34ca4878d7"
  },
  "gender": "Male",
  "numBooks": 8,
  "address": "22 Little Fleur Circle",
  "name": "Ned"
},{
  "_id": {
    "$oid": "6469daa0da0b8e34ca4878d8"
  },
  "gender": "Female",
  "numBooks": 8,
  "address": "04 Transport Road",
  "name": "Leone"
},{
  "_id": {
    "$oid": "6469daa0da0b8e34ca4878d9"
  },
  "gender": "Female",
  "numBooks": 7,
  "address": "7715 Bashford Street",
  "name": "Wilmette"
},{
  "_id": {
    "$oid": "6469daa0da0b8e34ca4878da"
  },
  "gender": "Female",
  "numBooks": 4,
  "address": "600 6th Junction",
  "name": "Jessamyn"
},{
  "_id": {
    "$oid": "6469daa0da0b8e34ca4878db"
  },
  "gender": "Female",
  "numBooks": 9,
  "address": "6615 Killdeer Lane",
  "name": "Eustacia"
},{
  "_id": {
    "$oid": "6469daa0da0b8e34ca4878dc"
  },
  "gender": "Female",
  "numBooks": 6,
  "address": "548 Northwestern Road",
  "name": "Fan"
},{
  "_id": {
    "$oid": "6469daa0da0b8e34ca4878dd"
  },
  "gender": "Female",
  "numBooks": 6,
  "address": "77999 Blackbird Parkway",
  "name": "Erminie"
},{
  "_id": {
    "$oid": "6469daa0da0b8e34ca4878de"
  },
  "gender": "Genderqueer",
  "numBooks": 7,
  "address": "23 Bultman Park",
  "name": "Keeley"
},{
  "_id": {
    "$oid": "6469daa0da0b8e34ca4878df"
  },
  "gender": "Female",
  "numBooks": 3,
  "address": "63945 Oakridge Way",
  "name": "Kelly"
},{
  "_id": {
    "$oid": "6469daa0da0b8e34ca4878e0"
  },
  "gender": "Female",
  "numBooks": 6,
  "address": "46 Eagle Crest Center",
  "name": "Costanza"
},{
  "_id": {
    "$oid": "6469daa0da0b8e34ca4878e1"
  },
  "gender": "Agender",
  "numBooks": 10,
  "address": "45 La Follette Point",
  "name": "Ernst"
},{
  "_id": {
    "$oid": "6469daa0da0b8e34ca4878e2"
  },
  "gender": "Genderqueer",
  "numBooks": 7,
  "address": "538 Warrior Avenue",
  "name": "Rey"
},{
  "_id": {
    "$oid": "6469daa0da0b8e34ca4878e3"
  },
  "gender": "Female",
  "numBooks": 2,
  "address": "4291 Dawn Drive",
  "name": "Fae"
},{
  "_id": {
    "$oid": "6469daa0da0b8e34ca4878e4"
  },
  "gender": "Female",
  "numBooks": 9,
  "address": "550 Sachtjen Circle",
  "name": "Modesty"
},{
  "_id": {
    "$oid": "6469daa0da0b8e34ca4878e5"
  },
  "gender": "Genderfluid",
  "numBooks": 2,
  "address": "9 Logan Plaza",
  "name": "Peyton"
},{
  "_id": {
    "$oid": "6469daa0da0b8e34ca4878e6"
  },
  "gender": "Male",
  "numBooks": 6,
  "address": "9 Carey Way",
  "name": "Gabriello"
},{
  "_id": {
    "$oid": "6469daa0da0b8e34ca4878e7"
  },
  "gender": "Male",
  "numBooks": 9,
  "address": "6140 Burning Wood Point",
  "name": "Harp"
},{
  "_id": {
    "$oid": "6469daa0da0b8e34ca4878e8"
  },
  "gender": "Agender",
  "numBooks": 7,
  "address": "54 Village Green Trail",
  "name": "Asia"
},{
  "_id": {
    "$oid": "6469daa0da0b8e34ca4878e9"
  },
  "gender": "Polygender",
  "numBooks": 3,
  "address": "2 Independence Park",
  "name": "Constantine"
},{
  "_id": {
    "$oid": "6469daa0da0b8e34ca4878ea"
  },
  "gender": "Male",
  "numBooks": 4,
  "address": "8997 Anzinger Trail",
  "name": "Morgun"
},{
  "_id": {
    "$oid": "6469daa0da0b8e34ca4878eb"
  },
  "gender": "Male",
  "numBooks": 5,
  "address": "717 Canary Court",
  "name": "Tarrance"
},{
  "_id": {
    "$oid": "6469daa0da0b8e34ca4878ec"
  },
  "gender": "Female",
  "numBooks": 10,
  "address": "39604 Cascade Pass",
  "name": "Caitlin"
},{
  "_id": {
    "$oid": "6469daa0da0b8e34ca4878ed"
  },
  "gender": "Female",
  "numBooks": 2,
  "address": "9 Barby Road",
  "name": "Sharl"
},{
  "_id": {
    "$oid": "6469daa0da0b8e34ca4878ee"
  },
  "gender": "Female",
  "numBooks": 5,
  "address": "7130 Bunting Road",
  "name": "Hildagarde"
},{
  "_id": {
    "$oid": "6469daa0da0b8e34ca4878ef"
  },
  "gender": "Agender",
  "numBooks": 6,
  "address": "176 Old Shore Place",
  "name": "Kevina"
},{
  "_id": {
    "$oid": "6469daa0da0b8e34ca4878f0"
  },
  "gender": "Male",
  "numBooks": 7,
  "address": "4 Springview Road",
  "name": "Rik"
},{
  "_id": {
    "$oid": "6469daa0da0b8e34ca4878f1"
  },
  "gender": "Male",
  "numBooks": 2,
  "address": "1511 Crescent Oaks Alley",
  "name": "Ingamar"
},{
  "_id": {
    "$oid": "6469daa0da0b8e34ca4878f2"
  },
  "gender": "Female",
  "numBooks": 8,
  "address": "5639 Hoard Circle",
  "name": "Evita"
},{
  "_id": {
    "$oid": "6469daa0da0b8e34ca4878f3"
  },
  "gender": "Polygender",
  "numBooks": 7,
  "address": "809 Lake View Court",
  "name": "Daron"
},{
  "_id": {
    "$oid": "6469daa0da0b8e34ca4878f4"
  },
  "gender": "Male",
  "numBooks": 2,
  "address": "6 Lerdahl Way",
  "name": "Augie"
},{
  "_id": {
    "$oid": "6469daa0da0b8e34ca4878f5"
  },
  "gender": "Female",
  "numBooks": 10,
  "address": "2 Quincy Hill",
  "name": "Orel"
},{
  "_id": {
    "$oid": "6469daa0da0b8e34ca4878f6"
  },
  "gender": "Male",
  "numBooks": 9,
  "address": "700 Independence Junction",
  "name": "Emmett"
},{
  "_id": {
    "$oid": "6469daa0da0b8e34ca4878f7"
  },
  "gender": "Male",
  "numBooks": 2,
  "address": "94 Warrior Hill",
  "name": "Sawyer"
},{
  "_id": {
    "$oid": "6469daa0da0b8e34ca4878f8"
  },
  "gender": "Female",
  "numBooks": 10,
  "address": "8 Scoville Trail",
  "name": "Judye"
},{
  "_id": {
    "$oid": "6469daa0da0b8e34ca4878f9"
  },
  "gender": "Male",
  "numBooks": 7,
  "address": "321 Pearson Circle",
  "name": "Yorker"
},{
  "_id": {
    "$oid": "6469daa0da0b8e34ca4878fa"
  },
  "gender": "Female",
  "numBooks": 2,
  "address": "196 Messerschmidt Crossing",
  "name": "Delinda"
},{
  "_id": {
    "$oid": "6469daa0da0b8e34ca4878fb"
  },
  "gender": "Female",
  "numBooks": 4,
  "address": "508 Schiller Plaza",
  "name": "Melba"
},{
  "_id": {
    "$oid": "6469daa0da0b8e34ca4878fc"
  },
  "gender": "Male",
  "numBooks": 2,
  "address": "5 Lunder Street",
  "name": "Carney"
},{
  "_id": {
    "$oid": "6469daa0da0b8e34ca4878fd"
  },
  "gender": "Female",
  "numBooks": 4,
  "address": "96 Thackeray Hill",
  "name": "Wilow"
},{
  "_id": {
    "$oid": "6469daa0da0b8e34ca4878fe"
  },
  "gender": "Female",
  "numBooks": 8,
  "address": "1 7th Drive",
  "name": "Brooke"
},{
  "_id": {
    "$oid": "6469daa0da0b8e34ca4878ff"
  },
  "gender": "Female",
  "numBooks": 7,
  "address": "65147 Utah Road",
  "name": "Dolli"
},{
  "_id": {
    "$oid": "6469daa0da0b8e34ca487900"
  },
  "gender": "Male",
  "numBooks": 2,
  "address": "62 Chinook Way",
  "name": "Laney"
},{
  "_id": {
    "$oid": "6469daa0da0b8e34ca487901"
  },
  "gender": "Female",
  "numBooks": 5,
  "address": "49 Muir Park",
  "name": "Casie"
},{
  "_id": {
    "$oid": "6469daa0da0b8e34ca487902"
  },
  "gender": "Female",
  "numBooks": 9,
  "address": "487 Onsgard Junction",
  "name": "Milka"
},{
  "_id": {
    "$oid": "6469daa0da0b8e34ca487903"
  },
  "gender": "Female",
  "numBooks": 5,
  "address": "0305 Daystar Court",
  "name": "Ethyl"
},{
  "_id": {
    "$oid": "6469daa0da0b8e34ca487904"
  },
  "gender": "Male",
  "numBooks": 10,
  "address": "1 Heffernan Court",
  "name": "Vail"
},{
  "_id": {
    "$oid": "6469daa0da0b8e34ca487905"
  },
  "gender": "Male",
  "numBooks": 9,
  "address": "22111 Homewood Terrace",
  "name": "Matthus"
},{
  "_id": {
    "$oid": "6469daa0da0b8e34ca487906"
  },
  "gender": "Male",
  "numBooks": 8,
  "address": "95 Heath Circle",
  "name": "Tibold"
},{
  "_id": {
    "$oid": "6469daa0da0b8e34ca487907"
  },
  "gender": "Male",
  "numBooks": 7,
  "address": "6821 Bayside Plaza",
  "name": "Tome"
},{
  "_id": {
    "$oid": "6469daa0da0b8e34ca487908"
  },
  "gender": "Male",
  "numBooks": 10,
  "address": "56516 Saint Paul Parkway",
  "name": "Federico"
},{
  "_id": {
    "$oid": "6469daa0da0b8e34ca487909"
  },
  "gender": "Female",
  "numBooks": 4,
  "address": "25 Lakeland Drive",
  "name": "Helena"
},{
  "_id": {
    "$oid": "6469daa0da0b8e34ca48790a"
  },
  "gender": "Male",
  "numBooks": 1,
  "address": "4272 Del Sol Park",
  "name": "Manny"
},{
  "_id": {
    "$oid": "6469daa0da0b8e34ca48790b"
  },
  "gender": "Bigender",
  "numBooks": 5,
  "address": "2 Clove Crossing",
  "name": "Drucie"
},{
  "_id": {
    "$oid": "6469daa0da0b8e34ca48790c"
  },
  "gender": "Female",
  "numBooks": 8,
  "address": "36391 Upham Pass",
  "name": "Ramonda"
},{
  "_id": {
    "$oid": "6469daa0da0b8e34ca48790d"
  },
  "gender": "Male",
  "numBooks": 5,
  "address": "0 Twin Pines Plaza",
  "name": "Mort"
},{
  "_id": {
    "$oid": "6469daa0da0b8e34ca48790e"
  },
  "gender": "Male",
  "numBooks": 10,
  "address": "93226 Debs Road",
  "name": "Rock"
},{
  "_id": {
    "$oid": "6469daa0da0b8e34ca48790f"
  },
  "gender": "Female",
  "numBooks": 6,
  "address": "99 Anhalt Parkway",
  "name": "Wini"
},{
  "_id": {
    "$oid": "6469daa0da0b8e34ca487910"
  },
  "gender": "Male",
  "numBooks": 4,
  "address": "9 Clyde Gallagher Avenue",
  "name": "Verney"
},{
  "_id": {
    "$oid": "6469daa0da0b8e34ca487911"
  },
  "gender": "Male",
  "numBooks": 4,
  "address": "5 Westend Pass",
  "name": "Mar"
},{
  "_id": {
    "$oid": "6469daa0da0b8e34ca487912"
  },
  "gender": "Female",
  "numBooks": 10,
  "address": "8 Talmadge Point",
  "name": "Marlee"
},{
  "_id": {
    "$oid": "6469daa0da0b8e34ca487913"
  },
  "gender": "Female",
  "numBooks": 3,
  "address": "5 Glendale Parkway",
  "name": "Vi"
},{
  "_id": {
    "$oid": "6469daa0da0b8e34ca487914"
  },
  "gender": "Male",
  "numBooks": 2,
  "address": "459 Sugar Drive",
  "name": "Mord"
},{
  "_id": {
    "$oid": "6469daa0da0b8e34ca487915"
  },
  "gender": "Male",
  "numBooks": 9,
  "address": "4 Sutherland Way",
  "name": "Hobey"
},{
  "_id": {
    "$oid": "6469daa0da0b8e34ca487916"
  },
  "gender": "Female",
  "numBooks": 8,
  "address": "54 Manufacturers Street",
  "name": "Ethelind"
},{
  "_id": {
    "$oid": "6469daa0da0b8e34ca487917"
  },
  "gender": "Female",
  "numBooks": 7,
  "address": "484 Nancy Way",
  "name": "Golda"
},{
  "_id": {
    "$oid": "6469daa0da0b8e34ca487918"
  },
  "gender": "Female",
  "numBooks": 5,
  "address": "5 Hovde Junction",
  "name": "Bibby"
},{
  "_id": {
    "$oid": "6469daa0da0b8e34ca487919"
  },
  "gender": "Female",
  "numBooks": 4,
  "address": "8455 Del Mar Way",
  "name": "Janeta"
},{
  "_id": {
    "$oid": "6469daa0da0b8e34ca48791a"
  },
  "gender": "Female",
  "numBooks": 1,
  "address": "380 High Crossing Place",
  "name": "Helen"
},{
  "_id": {
    "$oid": "6469daa0da0b8e34ca48791b"
  },
  "gender": "Male",
  "numBooks": 5,
  "address": "7716 Maywood Plaza",
  "name": "Richardo"
},{
  "_id": {
    "$oid": "6469daa0da0b8e34ca48791c"
  },
  "gender": "Female",
  "numBooks": 3,
  "address": "4008 Rieder Lane",
  "name": "Flossy"
},{
  "_id": {
    "$oid": "6469daa0da0b8e34ca48791d"
  },
  "gender": "Male",
  "numBooks": 5,
  "address": "9239 Acker Terrace",
  "name": "Elmo"
},{
  "_id": {
    "$oid": "6469daa0da0b8e34ca48791e"
  },
  "gender": "Male",
  "numBooks": 6,
  "address": "87 Graedel Court",
  "name": "Slade"
},{
  "_id": {
    "$oid": "6469daa0da0b8e34ca48791f"
  },
  "gender": "Female",
  "numBooks": 10,
  "address": "509 Hoffman Plaza",
  "name": "Tania"
},{
  "_id": {
    "$oid": "6469daa0da0b8e34ca487920"
  },
  "gender": "Female",
  "numBooks": 10,
  "address": "342 Mcguire Trail",
  "name": "Lucille"
},{
  "_id": {
    "$oid": "6469daa0da0b8e34ca487921"
  },
  "gender": "Female",
  "numBooks": 6,
  "address": "37531 Tennessee Park",
  "name": "Melisandra"
}]