[{
  "_id": {
    "$oid": "646a2d60da0b8e34ca487fe6"
  },
  "bookName": "Egyptian, The",
  "price": 23.76,
  "author_id": "4829166754",
  "publisher_id": "3721437764"
},{
  "_id": {
    "$oid": "646a2d60da0b8e34ca487fe7"
  },
  "bookName": "Serial Killer Culture",
  "price": 13.97,
  "author_id": "3244713289",
  "publisher_id": "3757375351"
},{
  "_id": {
    "$oid": "646a2d60da0b8e34ca487fe8"
  },
  "bookName": "Side Street",
  "price": 12.93,
  "author_id": "9707281278",
  "publisher_id": "2172280151"
},{
  "_id": {
    "$oid": "646a2d60da0b8e34ca487fe9"
  },
  "bookName": "Beyond Silence (Jenseits der Stille)",
  "price": 11.97,
  "author_id": "5950503546",
  "publisher_id": "9058929779"
},{
  "_id": {
    "$oid": "646a2d60da0b8e34ca487fea"
  },
  "bookName": "Drunken Angel (Yoidore tenshi)",
  "price": 23.2,
  "author_id": "3610704683",
  "publisher_id": "3878368070"
},{
  "_id": {
    "$oid": "646a2d60da0b8e34ca487feb"
  },
  "bookName": "Velocity of Gary, The",
  "price": 17.31,
  "author_id": "1432057561",
  "publisher_id": "0757032664"
},{
  "_id": {
    "$oid": "646a2d60da0b8e34ca487fec"
  },
  "bookName": "Mikra Anglia",
  "price": 12.75,
  "author_id": "9816356465",
  "publisher_id": "3176375859"
},{
  "_id": {
    "$oid": "646a2d60da0b8e34ca487fed"
  },
  "bookName": "Every Day",
  "price": 19.08,
  "author_id": "2131971001",
  "publisher_id": "1841046558"
},{
  "_id": {
    "$oid": "646a2d60da0b8e34ca487fee"
  },
  "bookName": "Fail-Safe",
  "price": 18.7,
  "author_id": {
    "$oid": "6469daa0da0b8e34ca4878bf"
  },
  "publisher_id": "5923605961"
},{
  "_id": {
    "$oid": "646a2d60da0b8e34ca487fef"
  },
  "bookName": "Birdwatchers (BirdWatchers - La terra degli uomini rossi)",
  "price": 14.75,
  "author_id": "0322357845",
  "publisher_id": "5231084018"
},{
  "_id": {
    "$oid": "646a2d60da0b8e34ca487ff0"
  },
  "bookName": "Othello",
  "price": 17.38,
  "author_id": "1189819740",
  "publisher_id": "9747540797"
},{
  "_id": {
    "$oid": "646a2d60da0b8e34ca487ff1"
  },
  "bookName": "In Eagle Shadow Fist (Ding tian li di) (Fist of Anger)",
  "price": 16.24,
  "author_id": "6073056613",
  "publisher_id": "8727957411"
},{
  "_id": {
    "$oid": "646a2d60da0b8e34ca487ff2"
  },
  "bookName": "Desperate",
  "price": 22.32,
  "author_id": "0344624412",
  "publisher_id": "1080825126"
},{
  "_id": {
    "$oid": "646a2d60da0b8e34ca487ff3"
  },
  "bookName": "He Got Game",
  "price": 21.15,
  "author_id": "2265562343",
  "publisher_id": "3035841888"
},{
  "_id": {
    "$oid": "646a2d60da0b8e34ca487ff4"
  },
  "bookName": "Holy Mountain, The (Montaña sagrada, La)",
  "price": 10.89,
  "author_id": "9462176957",
  "publisher_id": "2570914223"
},{
  "_id": {
    "$oid": "646a2d60da0b8e34ca487ff5"
  },
  "bookName": "Hypnotist, The (Hypnotisören)",
  "price": 21.24,
  "author_id": "8828174005",
  "publisher_id": "4056199981"
},{
  "_id": {
    "$oid": "646a2d60da0b8e34ca487ff6"
  },
  "bookName": "Red Like the Sky (Rosso come il cielo)",
  "price": 23.7,
  "author_id": "7275193027",
  "publisher_id": "2172280151"
},{
  "_id": {
    "$oid": "646a2d60da0b8e34ca487ff7"
  },
  "bookName": "Four Friends (a.k.a. Georgia's Friends)",
  "price": 19.65,
  "author_id": "1606140507",
  "publisher_id": "1635029600"
},{
  "_id": {
    "$oid": "646a2d60da0b8e34ca487ff8"
  },
  "bookName": "Annie Get Your Gun",
  "price": 13.2,
  "author_id": "7092444241",
  "publisher_id": "0699131855"
},{
  "_id": {
    "$oid": "646a2d60da0b8e34ca487ff9"
  },
  "bookName": "Man Who Could Work Miracles, The",
  "price": 20.85,
  "author_id": "8286934830",
  "publisher_id": "7182398788"
},{
  "_id": {
    "$oid": "646a2d60da0b8e34ca487ffa"
  },
  "bookName": "Swing Shift",
  "price": 13.64,
  "author_id": "6913419562",
  "publisher_id": "2172280151"
},{
  "_id": {
    "$oid": "646a2d60da0b8e34ca487ffb"
  },
  "bookName": "Pericles on 31st Street",
  "price": 18.57,
  "author_id": "2496571887",
  "publisher_id": "2646071582"
},{
  "_id": {
    "$oid": "646a2d60da0b8e34ca487ffc"
  },
  "bookName": "Bad Luck Love",
  "price": 24.71,
  "author_id": "6296685688",
  "publisher_id": "8989489105"
},{
  "_id": {
    "$oid": "646a2d60da0b8e34ca487ffd"
  },
  "bookName": "Thin Ice",
  "price": 15.21,
  "author_id": "9138307820",
  "publisher_id": "9527435692"
},{
  "_id": {
    "$oid": "646a2d60da0b8e34ca487ffe"
  },
  "bookName": "Cat People",
  "price": 15.5,
  "author_id": "2767138750",
  "publisher_id": "8862354355"
},{
  "_id": {
    "$oid": "646a2d60da0b8e34ca487fff"
  },
  "bookName": "Mist, The",
  "price": 22.4,
  "author_id": "1217878033",
  "publisher_id": "3065781034"
},{
  "_id": {
    "$oid": "646a2d60da0b8e34ca488000"
  },
  "bookName": "Permanent Vacation",
  "price": 17.34,
  "author_id": "4686923948",
  "publisher_id": "5420199939"
},{
  "_id": {
    "$oid": "646a2d60da0b8e34ca488001"
  },
  "bookName": "Last Call, The (Tercera Llamada)",
  "price": 24.75,
  "author_id": "7199227957",
  "publisher_id": "9151939134"
},{
  "_id": {
    "$oid": "646a2d60da0b8e34ca488002"
  },
  "bookName": "Dead Men Tell",
  "price": 18.16,
  "author_id": "4753065308",
  "publisher_id": "2538226155"
},{
  "_id": {
    "$oid": "646a2d60da0b8e34ca488003"
  },
  "bookName": "Mahakaal (The Monster)",
  "price": 24.23,
  "author_id": "6790062912",
  "publisher_id": "8225641361"
},{
  "_id": {
    "$oid": "646a2d60da0b8e34ca488004"
  },
  "bookName": "Young Adult",
  "price": 10.39,
  "author_id": "7452787471",
  "publisher_id": "8798279084"
},{
  "_id": {
    "$oid": "646a2d60da0b8e34ca488005"
  },
  "bookName": "Are You Here",
  "price": 14.96,
  "author_id": "7944863384",
  "publisher_id": "2172280151"
},{
  "_id": {
    "$oid": "646a2d60da0b8e34ca488006"
  },
  "bookName": "Christmas at Pee Wee's Playhouse (a.k.a. Pee-Wee's Playhouse Christmas Special)",
  "price": 13.05,
  "author_id": "5438531161",
  "publisher_id": "4092190166"
},{
  "_id": {
    "$oid": "646a2d60da0b8e34ca488007"
  },
  "bookName": "Play Dirty",
  "price": 10.49,
  "author_id": "3327370095",
  "publisher_id": "4290416578"
},{
  "_id": {
    "$oid": "646a2d60da0b8e34ca488008"
  },
  "bookName": "Hidden Agenda",
  "price": 22.5,
  "author_id": "7934477511",
  "publisher_id": "6972763975"
},{
  "_id": {
    "$oid": "646a2d60da0b8e34ca488009"
  },
  "bookName": "Coonskin",
  "price": 17.25,
  "author_id": "0311201539",
  "publisher_id": "5110998922"
},{
  "_id": {
    "$oid": "646a2d60da0b8e34ca48800a"
  },
  "bookName": "Hecho en México",
  "price": 22.09,
  "author_id": "8759297794",
  "publisher_id": "6228936557"
},{
  "_id": {
    "$oid": "646a2d60da0b8e34ca48800b"
  },
  "bookName": "Night Walker, The",
  "price": 22.69,
  "author_id": "1743309201",
  "publisher_id": "0143471929"
},{
  "_id": {
    "$oid": "646a2d60da0b8e34ca48800c"
  },
  "bookName": "The Siege of Firebase Gloria",
  "price": 21.94,
  "author_id": "4217212380",
  "publisher_id": "5029699589"
},{
  "_id": {
    "$oid": "646a2d60da0b8e34ca48800d"
  },
  "bookName": "Easy Money 2 (Snabba cash II)",
  "price": 20.95,
  "author_id": "3959600917",
  "publisher_id": "0457230711"
},{
  "_id": {
    "$oid": "646a2d60da0b8e34ca48800e"
  },
  "bookName": "Study in Terror, A",
  "price": 21.21,
  "author_id": "0955755190",
  "publisher_id": "0314370501"
},{
  "_id": {
    "$oid": "646a2d60da0b8e34ca48800f"
  },
  "bookName": "Lady Eve, The",
  "price": 13.74,
  "author_id": "7504438901",
  "publisher_id": "6039517735"
},{
  "_id": {
    "$oid": "646a2d60da0b8e34ca488010"
  },
  "bookName": "Stars and Bars",
  "price": 17.17,
  "author_id": "5998935349",
  "publisher_id": "2474655808"
},{
  "_id": {
    "$oid": "646a2d60da0b8e34ca488011"
  },
  "bookName": "Haunted Strangler, The (Grip of the Strangler)",
  "price": 24.52,
  "author_id": "6392646612",
  "publisher_id": "9727322417"
},{
  "_id": {
    "$oid": "646a2d60da0b8e34ca488012"
  },
  "bookName": "4th Floor, The",
  "price": 15.9,
  "author_id": "0636011593",
  "publisher_id": "7196927648"
},{
  "_id": {
    "$oid": "646a2d60da0b8e34ca488013"
  },
  "bookName": "Suzanne's Career (La carrière de Suzanne)",
  "price": 13.01,
  "author_id": "8554500938",
  "publisher_id": "3398697348"
},{
  "_id": {
    "$oid": "646a2d60da0b8e34ca488014"
  },
  "bookName": "Maidentrip",
  "price": 10.62,
  "author_id": "7223596805",
  "publisher_id": "1234472929"
},{
  "_id": {
    "$oid": "646a2d60da0b8e34ca488015"
  },
  "bookName": "Lives of Others, The (Das leben der Anderen)",
  "price": 14.01,
  "author_id": "8826475083",
  "publisher_id": "5477565756"
},{
  "_id": {
    "$oid": "646a2d60da0b8e34ca488016"
  },
  "bookName": "Wrong Guy, The",
  "price": 12.54,
  "author_id": "2162800764",
  "publisher_id": "3386344836"
},{
  "_id": {
    "$oid": "646a2d60da0b8e34ca488017"
  },
  "bookName": "Nine to Five (a.k.a. 9 to 5)",
  "price": 10.7,
  "author_id": "2050747020",
  "publisher_id": "1784764892"
},{
  "_id": {
    "$oid": "646a2d60da0b8e34ca488018"
  },
  "bookName": "Of Human Hearts",
  "price": 20.34,
  "author_id": "9630294893",
  "publisher_id": "6896920211"
},{
  "_id": {
    "$oid": "646a2d60da0b8e34ca488019"
  },
  "bookName": "Gracie",
  "price": 24.65,
  "author_id": "7604384153",
  "publisher_id": "7522795095"
},{
  "_id": {
    "$oid": "646a2d60da0b8e34ca48801a"
  },
  "bookName": "Someone to Watch Over Me",
  "price": 19.42,
  "author_id": "0837616220",
  "publisher_id": "3849392481"
},{
  "_id": {
    "$oid": "646a2d60da0b8e34ca48801b"
  },
  "bookName": "Please Don't Eat the Daisies",
  "price": 21.14,
  "author_id": "3130782699",
  "publisher_id": "6605748107"
},{
  "_id": {
    "$oid": "646a2d60da0b8e34ca48801c"
  },
  "bookName": "Thief of Damascus",
  "price": 23.43,
  "author_id": "4741163253",
  "publisher_id": "6781392182"
},{
  "_id": {
    "$oid": "646a2d60da0b8e34ca48801d"
  },
  "bookName": "Dead End Drive-In",
  "price": 12.88,
  "author_id": "1715466969",
  "publisher_id": "1148950508"
},{
  "_id": {
    "$oid": "646a2d60da0b8e34ca48801e"
  },
  "bookName": "Joe Kidd",
  "price": 10.92,
  "author_id": "2932111264",
  "publisher_id": "5675382968"
},{
  "_id": {
    "$oid": "646a2d60da0b8e34ca48801f"
  },
  "bookName": "Scooby-Doo! Camp Scare",
  "price": 22.33,
  "author_id": "9308134077",
  "publisher_id": "8306604598"
},{
  "_id": {
    "$oid": "646a2d60da0b8e34ca488020"
  },
  "bookName": "Barry Lyndon",
  "price": 21.58,
  "author_id": {
    "$oid": "6469daa0da0b8e34ca4878ca"
  },
  "publisher_id": "3375879318"
},{
  "_id": {
    "$oid": "646a2d60da0b8e34ca488021"
  },
  "bookName": "Aziz Ansari: Intimate Moments for a Sensual Evening",
  "price": 19.5,
  "author_id": "1962278794",
  "publisher_id": "3581696177"
},{
  "_id": {
    "$oid": "646a2d60da0b8e34ca488022"
  },
  "bookName": "Note by Note: The Making of Steinway L1037",
  "price": 11.06,
  "author_id": "3271102473",
  "publisher_id": "2095103181"
},{
  "_id": {
    "$oid": "646a2d60da0b8e34ca488023"
  },
  "bookName": "Iceman, The",
  "price": 15.03,
  "author_id": "8285783359",
  "publisher_id": "2342412371"
},{
  "_id": {
    "$oid": "646a2d60da0b8e34ca488024"
  },
  "bookName": "Lost Son, The",
  "price": 17.04,
  "author_id": "5951643279",
  "publisher_id": "2770982516"
},{
  "_id": {
    "$oid": "646a2d60da0b8e34ca488025"
  },
  "bookName": "Mirrors 2",
  "price": 10.4,
  "author_id": "9530590709",
  "publisher_id": "1157041132"
},{
  "_id": {
    "$oid": "646a2d60da0b8e34ca488026"
  },
  "bookName": "Enter the Phoenix (Da lao ai mei li)",
  "price": 22.99,
  "author_id": "8178953404",
  "publisher_id": "2242533525"
},{
  "_id": {
    "$oid": "646a2d60da0b8e34ca488027"
  },
  "bookName": "Norte, the End of History",
  "price": 24.72,
  "author_id": {
    "$oid": "6469daa0da0b8e34ca4878f4"
  },
  "publisher_id": "7706633640"
},{
  "_id": {
    "$oid": "646a2d60da0b8e34ca488028"
  },
  "bookName": "Great White Hope, The",
  "price": 23.57,
  "author_id": "2889762564",
  "publisher_id": "9910255073"
},{
  "_id": {
    "$oid": "646a2d60da0b8e34ca488029"
  },
  "bookName": "Sick: The Life & Death of Bob Flanagan, Supermasochist",
  "price": 20.1,
  "author_id": "5973860469",
  "publisher_id": "8596559892"
},{
  "_id": {
    "$oid": "646a2d60da0b8e34ca48802a"
  },
  "bookName": "Bread and Roses",
  "price": 17.4,
  "author_id": "2229520423",
  "publisher_id": "0135752760"
},{
  "_id": {
    "$oid": "646a2d60da0b8e34ca48802b"
  },
  "bookName": "Jesse Stone: Night Passage",
  "price": 11.83,
  "author_id": "3445618224",
  "publisher_id": "6232141407"
},{
  "_id": {
    "$oid": "646a2d60da0b8e34ca48802c"
  },
  "bookName": "You Only Live Twice",
  "price": 10.35,
  "author_id": "7559848206",
  "publisher_id": "6619311350"
},{
  "_id": {
    "$oid": "646a2d60da0b8e34ca48802d"
  },
  "bookName": "Believers, The",
  "price": 21.25,
  "author_id": "9776861644",
  "publisher_id": "6739635862"
},{
  "_id": {
    "$oid": "646a2d60da0b8e34ca48802e"
  },
  "bookName": "I Origins",
  "price": 11.13,
  "author_id": "3811855166",
  "publisher_id": "8335702187"
},{
  "_id": {
    "$oid": "646a2d60da0b8e34ca48802f"
  },
  "bookName": "Raw Deal: A Question of Consent",
  "price": 22.37,
  "author_id": "9643907236",
  "publisher_id": "4743664314"
},{
  "_id": {
    "$oid": "646a2d60da0b8e34ca488030"
  },
  "bookName": "Lover, The (Amant, L')",
  "price": 12.55,
  "author_id": "1009580094",
  "publisher_id": "4251866851"
},{
  "_id": {
    "$oid": "646a2d60da0b8e34ca488031"
  },
  "bookName": "Runner Runner",
  "price": 18.26,
  "author_id": "0238333787",
  "publisher_id": "2750619629"
},{
  "_id": {
    "$oid": "646a2d60da0b8e34ca488032"
  },
  "bookName": "The Hyperboloid of Engineer Garin (Giperboloid inzhenera Garina)",
  "price": 15.53,
  "author_id": "2998053238",
  "publisher_id": "1398822450"
},{
  "_id": {
    "$oid": "646a2d60da0b8e34ca488033"
  },
  "bookName": "Badlands",
  "price": 11.6,
  "author_id": "3963575042",
  "publisher_id": "6184625683"
},{
  "_id": {
    "$oid": "646a2d60da0b8e34ca488034"
  },
  "bookName": "Sundays and Cybele (Les dimanches de Ville d'Avray)",
  "price": 24.85,
  "author_id": "1804256501",
  "publisher_id": "5156442722"
},{
  "_id": {
    "$oid": "646a2d60da0b8e34ca488035"
  },
  "bookName": "Werewolf Boy, A (Neuk-dae-so-nyeon)",
  "price": 16.43,
  "author_id": "5380468683",
  "publisher_id": "1454172851"
},{
  "_id": {
    "$oid": "646a2d60da0b8e34ca488036"
  },
  "bookName": "Night and the City",
  "price": 12.21,
  "author_id": "5153271803",
  "publisher_id": "3200483016"
},{
  "_id": {
    "$oid": "646a2d60da0b8e34ca488037"
  },
  "bookName": "On Deadly Ground",
  "price": 11.08,
  "author_id": "3979746216",
  "publisher_id": "3720534006"
},{
  "_id": {
    "$oid": "646a2d60da0b8e34ca488038"
  },
  "bookName": "Jails, Hospitals & Hip-Hop",
  "price": 10.31,
  "author_id": "3135253198",
  "publisher_id": "7664941237"
},{
  "_id": {
    "$oid": "646a2d60da0b8e34ca488039"
  },
  "bookName": "Burt's Buzz",
  "price": 22.88,
  "author_id": "7227607143",
  "publisher_id": "4355454770"
},{
  "_id": {
    "$oid": "646a2d60da0b8e34ca48803a"
  },
  "bookName": "Nico and Dani (Krámpack)",
  "price": 10.36,
  "author_id": "6288796808",
  "publisher_id": "0633436887"
},{
  "_id": {
    "$oid": "646a2d60da0b8e34ca48803b"
  },
  "bookName": "Flatliners",
  "price": 20.17,
  "author_id": "5734927708",
  "publisher_id": "8776213528"
},{
  "_id": {
    "$oid": "646a2d60da0b8e34ca48803c"
  },
  "bookName": "W.W. and the Dixie Dancekings",
  "price": 16.39,
  "author_id": "5011785696",
  "publisher_id": "6126177401"
},{
  "_id": {
    "$oid": "646a2d60da0b8e34ca48803d"
  },
  "bookName": "Vincere",
  "price": 22.86,
  "author_id": "9993500968",
  "publisher_id": "4049873729"
},{
  "_id": {
    "$oid": "646a2d60da0b8e34ca48803e"
  },
  "bookName": "Run",
  "price": 21.22,
  "author_id": "5181002870",
  "publisher_id": "9712427323"
},{
  "_id": {
    "$oid": "646a2d60da0b8e34ca48803f"
  },
  "bookName": "Box of Moon Light",
  "price": 10.58,
  "author_id": "2281681181",
  "publisher_id": "6334560646"
},{
  "_id": {
    "$oid": "646a2d60da0b8e34ca488040"
  },
  "bookName": "Alvin and the Chipmunks",
  "price": 19.81,
  "author_id": "9391080650",
  "publisher_id": "8905518028"
},{
  "_id": {
    "$oid": "646a2d60da0b8e34ca488041"
  },
  "bookName": "Dersu Uzala",
  "price": 10.1,
  "author_id": "6967875833",
  "publisher_id": "7726484543"
},{
  "_id": {
    "$oid": "646a2d60da0b8e34ca488042"
  },
  "bookName": "Last Remake of Beau Geste, The",
  "price": 20.53,
  "author_id": "4409748114",
  "publisher_id": "4531620909"
},{
  "_id": {
    "$oid": "646a2d60da0b8e34ca488043"
  },
  "bookName": "Asterix in Britain (Astérix chez les Bretons)",
  "price": 23.62,
  "author_id": "9566410867",
  "publisher_id": "1147869790"
},{
  "_id": {
    "$oid": "646a2d60da0b8e34ca488044"
  },
  "bookName": "Miller's Crossing",
  "price": 10.39,
  "author_id": "2935783174",
  "publisher_id": "8541760782"
},{
  "_id": {
    "$oid": "646a2d60da0b8e34ca488045"
  },
  "bookName": "Luv",
  "price": 22.14,
  "author_id": "4701983551",
  "publisher_id": "6365902824"
},{
  "_id": {
    "$oid": "646a2d60da0b8e34ca488046"
  },
  "bookName": "DEFCON: The Documentary",
  "price": 17.37,
  "author_id": "2301842096",
  "publisher_id": "0234494832"
},{
  "_id": {
    "$oid": "646a2d60da0b8e34ca488047"
  },
  "bookName": "Mohabbatein",
  "price": 17.45,
  "author_id": "0745022529",
  "publisher_id": "2853498476"
},{
  "_id": {
    "$oid": "646a2d60da0b8e34ca488048"
  },
  "bookName": "Season For Assassins",
  "price": 20.73,
  "author_id": "5402936641",
  "publisher_id": "2133039619"
},{
  "_id": {
    "$oid": "646a2d60da0b8e34ca488049"
  },
  "bookName": "Victory",
  "price": 18.5,
  "author_id": "9896089175",
  "publisher_id": "2385305313"
},{
  "_id": {
    "$oid": "646a2d60da0b8e34ca48804a"
  },
  "bookName": "Platform (Zhantai)",
  "price": 18.81,
  "author_id": "2339535913",
  "publisher_id": "0333898583"
},{
  "_id": {
    "$oid": "646a2d60da0b8e34ca48804b"
  },
  "bookName": "Dead Man Down",
  "price": 12.16,
  "author_id": "7144920510",
  "publisher_id": "2567619461"
},{
  "_id": {
    "$oid": "646a2d60da0b8e34ca48804c"
  },
  "bookName": "Counterfeit Traitor, The",
  "price": 18.46,
  "author_id": "2008099865",
  "publisher_id": "6606728363"
},{
  "_id": {
    "$oid": "646a2d60da0b8e34ca48804d"
  },
  "bookName": "Bhaag Milka Bhaag",
  "price": 24.46,
  "author_id": "4666120564",
  "publisher_id": "2320808868"
},{
  "_id": {
    "$oid": "646a2d60da0b8e34ca48804e"
  },
  "bookName": "Message to Garcia, A",
  "price": 16.7,
  "author_id": "5508770097",
  "publisher_id": "8358620926"
},{
  "_id": {
    "$oid": "646a2d60da0b8e34ca48804f"
  },
  "bookName": "Better Tomorrow, A (Ying hung boon sik)",
  "price": 13.26,
  "author_id": "3239779579",
  "publisher_id": "6811884134"
},{
  "_id": {
    "$oid": "646a2d60da0b8e34ca488050"
  },
  "bookName": "Iron Ladies, The (Satree lek)",
  "price": 11.37,
  "author_id": "2950917488",
  "publisher_id": "7305101567"
},{
  "_id": {
    "$oid": "646a2d60da0b8e34ca488051"
  },
  "bookName": "Bad Family (Paha Perhe)",
  "price": 17.85,
  "author_id": "5719012532",
  "publisher_id": "2504824351"
},{
  "_id": {
    "$oid": "646a2d60da0b8e34ca488052"
  },
  "bookName": "Kid Cannabis",
  "price": 14.23,
  "author_id": "1650899688",
  "publisher_id": "4922308008"
},{
  "_id": {
    "$oid": "646a2d60da0b8e34ca488053"
  },
  "bookName": "Dance of Reality, The (Danza de la realidad, La)",
  "price": 23.22,
  "author_id": "5335590041",
  "publisher_id": "5286250475"
},{
  "_id": {
    "$oid": "646a2d60da0b8e34ca488054"
  },
  "bookName": "It's a Disaster",
  "price": 10.12,
  "author_id": "7947374252",
  "publisher_id": "4593941393"
},{
  "_id": {
    "$oid": "646a2d60da0b8e34ca488055"
  },
  "bookName": "Ambassador, The (Ambassadøren)",
  "price": 17.04,
  "author_id": "6301555805",
  "publisher_id": "5097727274"
},{
  "_id": {
    "$oid": "646a2d60da0b8e34ca488056"
  },
  "bookName": "Misery",
  "price": 20.39,
  "author_id": "3459483385",
  "publisher_id": "3568008025"
},{
  "_id": {
    "$oid": "646a2d60da0b8e34ca488057"
  },
  "bookName": "KM 31: Kilometro 31",
  "price": 15.66,
  "author_id": "5932983590",
  "publisher_id": "9711426781"
},{
  "_id": {
    "$oid": "646a2d60da0b8e34ca488058"
  },
  "bookName": "Road to Wellville, The",
  "price": 20.96,
  "author_id": "7694395494",
  "publisher_id": "9062947344"
},{
  "_id": {
    "$oid": "646a2d60da0b8e34ca488059"
  },
  "bookName": "Better Living Through Circuitry",
  "price": 22.85,
  "author_id": "9402423613",
  "publisher_id": "5287237251"
},{
  "_id": {
    "$oid": "646a2d60da0b8e34ca48805a"
  },
  "bookName": "2012",
  "price": 24.97,
  "author_id": "8959193585",
  "publisher_id": "6320188308"
},{
  "_id": {
    "$oid": "646a2d60da0b8e34ca48805b"
  },
  "bookName": "Roadie",
  "price": 17.7,
  "author_id": "7660515187",
  "publisher_id": "7220593007"
},{
  "_id": {
    "$oid": "646a2d60da0b8e34ca48805c"
  },
  "bookName": "Big Trail, The",
  "price": 18.48,
  "author_id": "0992180759",
  "publisher_id": "7508070259"
},{
  "_id": {
    "$oid": "646a2d60da0b8e34ca48805d"
  },
  "bookName": "Tupac: Resurrection",
  "price": 12.12,
  "author_id": "8262366344",
  "publisher_id": "4307956036"
},{
  "_id": {
    "$oid": "646a2d60da0b8e34ca48805e"
  },
  "bookName": "Motorcycle Diaries, The (Diarios de motocicleta)",
  "price": 23.28,
  "author_id": "0549987533",
  "publisher_id": "1643221175"
},{
  "_id": {
    "$oid": "646a2d60da0b8e34ca48805f"
  },
  "bookName": "Thank You a Lot",
  "price": 18.03,
  "author_id": "8420476498",
  "publisher_id": "8792038980"
},{
  "_id": {
    "$oid": "646a2d60da0b8e34ca488060"
  },
  "bookName": "AKA",
  "price": 10.94,
  "author_id": "5712441365",
  "publisher_id": "5114702483"
},{
  "_id": {
    "$oid": "646a2d60da0b8e34ca488061"
  },
  "bookName": "Ballad of Narayama, The (Narayama bushiko)",
  "price": 19.64,
  "author_id": "4162441464",
  "publisher_id": "4240994799"
},{
  "_id": {
    "$oid": "646a2d60da0b8e34ca488062"
  },
  "bookName": "Guts (Agallas)",
  "price": 21.45,
  "author_id": "4735457992",
  "publisher_id": "2393058591"
},{
  "_id": {
    "$oid": "646a2d60da0b8e34ca488063"
  },
  "bookName": "Pelle Svanslös i Amerikatt",
  "price": 24.23,
  "author_id": "5777750036",
  "publisher_id": "3879595674"
},{
  "_id": {
    "$oid": "646a2d60da0b8e34ca488064"
  },
  "bookName": "Above and Beyond",
  "price": 17.37,
  "author_id": "1885555164",
  "publisher_id": "3189308020"
},{
  "_id": {
    "$oid": "646a2d60da0b8e34ca488065"
  },
  "bookName": "Promise Me This (Zavet)",
  "price": 24.27,
  "author_id": "2556520779",
  "publisher_id": "0390715859"
},{
  "_id": {
    "$oid": "646a2d60da0b8e34ca488066"
  },
  "bookName": "Apocalypse Now",
  "price": 17.22,
  "author_id": "6285149844",
  "publisher_id": "5840769339"
},{
  "_id": {
    "$oid": "646a2d60da0b8e34ca488067"
  },
  "bookName": "Undefeated",
  "price": 20.84,
  "author_id": "9713530527",
  "publisher_id": "6265624768"
},{
  "_id": {
    "$oid": "646a2d60da0b8e34ca488068"
  },
  "bookName": "Best Man, The (Testimone dello sposo, Il)",
  "price": 15.63,
  "author_id": "2620672678",
  "publisher_id": "0989587398"
},{
  "_id": {
    "$oid": "646a2d60da0b8e34ca488069"
  },
  "bookName": "Warrendale",
  "price": 12.54,
  "author_id": "3761906242",
  "publisher_id": "8531684447"
},{
  "_id": {
    "$oid": "646a2d60da0b8e34ca48806a"
  },
  "bookName": "Nothing to Lose",
  "price": 16.62,
  "author_id": "0998649961",
  "publisher_id": "2088059393"
},{
  "_id": {
    "$oid": "646a2d60da0b8e34ca48806b"
  },
  "bookName": "Sleuth",
  "price": 11.45,
  "author_id": "9953036462",
  "publisher_id": "8387952311"
},{
  "_id": {
    "$oid": "646a2d60da0b8e34ca48806c"
  },
  "bookName": "Cheetah",
  "price": 24.96,
  "author_id": "8885313558",
  "publisher_id": "6141004881"
},{
  "_id": {
    "$oid": "646a2d60da0b8e34ca48806d"
  },
  "bookName": "Brighton Rock",
  "price": 14.38,
  "author_id": "2481446038",
  "publisher_id": "7192214698"
},{
  "_id": {
    "$oid": "646a2d60da0b8e34ca48806e"
  },
  "bookName": "Zotz!",
  "price": 12.27,
  "author_id": "8804881585",
  "publisher_id": "0659087065"
},{
  "_id": {
    "$oid": "646a2d60da0b8e34ca48806f"
  },
  "bookName": "Jekyll & Hyde",
  "price": 18.04,
  "author_id": "4733658478",
  "publisher_id": "3295407398"
},{
  "_id": {
    "$oid": "646a2d60da0b8e34ca488070"
  },
  "bookName": "What If",
  "price": 24.16,
  "author_id": "5103540770",
  "publisher_id": "1049505042"
},{
  "_id": {
    "$oid": "646a2d60da0b8e34ca488071"
  },
  "bookName": "Downloaded",
  "price": 17.19,
  "author_id": "4259155342",
  "publisher_id": "0871106329"
},{
  "_id": {
    "$oid": "646a2d60da0b8e34ca488072"
  },
  "bookName": "Eat Drink Man Woman (Yin shi nan nu)",
  "price": 20.23,
  "author_id": "0324272359",
  "publisher_id": "8439980892"
},{
  "_id": {
    "$oid": "646a2d60da0b8e34ca488073"
  },
  "bookName": "Batman: The Dark Knight Returns, Part 1",
  "price": 17.69,
  "author_id": "1223825027",
  "publisher_id": "2416199005"
},{
  "_id": {
    "$oid": "646a2d60da0b8e34ca488074"
  },
  "bookName": "Near Dark",
  "price": 15.28,
  "author_id": "6876686558",
  "publisher_id": "6388267564"
},{
  "_id": {
    "$oid": "646a2d60da0b8e34ca488075"
  },
  "bookName": "Walking With Dinosaurs",
  "price": 19.85,
  "author_id": "3382211467",
  "publisher_id": "5913173155"
},{
  "_id": {
    "$oid": "646a2d60da0b8e34ca488076"
  },
  "bookName": "Beer",
  "price": 12.57,
  "author_id": "7041558770",
  "publisher_id": "9615906786"
},{
  "_id": {
    "$oid": "646a2d60da0b8e34ca488077"
  },
  "bookName": "Beyond the Mat",
  "price": 14.36,
  "author_id": "3934796613",
  "publisher_id": "6982618625"
},{
  "_id": {
    "$oid": "646a2d60da0b8e34ca488078"
  },
  "bookName": "Keeper of the Flame",
  "price": 17.04,
  "author_id": "6384610507",
  "publisher_id": "4818320153"
},{
  "_id": {
    "$oid": "646a2d60da0b8e34ca488079"
  },
  "bookName": "Send a Bullet (Manda Bala)",
  "price": 17.86,
  "author_id": "6289482289",
  "publisher_id": "6431783573"
},{
  "_id": {
    "$oid": "646a2d60da0b8e34ca48807a"
  },
  "bookName": "Métisse (Café au Lait)",
  "price": 10.44,
  "author_id": "5717588062",
  "publisher_id": "1122779011"
},{
  "_id": {
    "$oid": "646a2d60da0b8e34ca48807b"
  },
  "bookName": "Moon",
  "price": 13.28,
  "author_id": "7072948066",
  "publisher_id": "2126962180"
}]