[{
  "_id": {
    "$oid": "6469e794da0b8e34ca487d1c"
  },
  "totalPrice": 390.72,
  "customer_id": "3861104334"
},{
  "_id": {
    "$oid": "6469e794da0b8e34ca487d1d"
  },
  "totalPrice": 341.843,
  "customer_id": "3201357707"
},{
  "_id": {
    "$oid": "6469e794da0b8e34ca487d1e"
  },
  "totalPrice": 28.249,
  "customer_id": "1826840818"
},{
  "_id": {
    "$oid": "6469e794da0b8e34ca487d1f"
  },
  "totalPrice": 390.361,
  "customer_id": "9480329174"
},{
  "_id": {
    "$oid": "6469e794da0b8e34ca487d20"
  },
  "totalPrice": 280.486,
  "customer_id": "2971883884"
},{
  "_id": {
    "$oid": "6469e794da0b8e34ca487d21"
  },
  "totalPrice": 271.94,
  "customer_id": "0522812406"
},{
  "_id": {
    "$oid": "6469e794da0b8e34ca487d22"
  },
  "totalPrice": 163.24,
  "customer_id": "8717187257"
},{
  "_id": {
    "$oid": "6469e794da0b8e34ca487d23"
  },
  "totalPrice": 27.066,
  "customer_id": "9577526624"
},{
  "_id": {
    "$oid": "6469e794da0b8e34ca487d24"
  },
  "totalPrice": 83.582,
  "customer_id": "3756558649"
},{
  "_id": {
    "$oid": "6469e794da0b8e34ca487d25"
  },
  "totalPrice": 356.398,
  "customer_id": "5541561825"
},{
  "_id": {
    "$oid": "6469e794da0b8e34ca487d26"
  },
  "totalPrice": 173.603,
  "customer_id": "0678829276"
},{
  "_id": {
    "$oid": "6469e794da0b8e34ca487d27"
  },
  "totalPrice": 334.123,
  "customer_id": "5948633993"
},{
  "_id": {
    "$oid": "6469e794da0b8e34ca487d28"
  },
  "totalPrice": 261.643,
  "customer_id": "3916370383"
},{
  "_id": {
    "$oid": "6469e794da0b8e34ca487d29"
  },
  "totalPrice": 355.215,
  "customer_id": "6133993030"
},{
  "_id": {
    "$oid": "6469e794da0b8e34ca487d2a"
  },
  "totalPrice": 271.604,
  "customer_id": "5457260062"
},{
  "_id": {
    "$oid": "6469e794da0b8e34ca487d2b"
  },
  "totalPrice": 233.573,
  "customer_id": {
    "$oid": "6469eb14da0b8e34ca487d91"
  }
},{
  "_id": {
    "$oid": "6469e794da0b8e34ca487d2c"
  },
  "totalPrice": 13.367,
  "customer_id": "7980190459"
},{
  "_id": {
    "$oid": "6469e794da0b8e34ca487d2d"
  },
  "totalPrice": 318.522,
  "customer_id": {
    "$oid": "6469eb14da0b8e34ca487d94"
  }
},{
  "_id": {
    "$oid": "6469e794da0b8e34ca487d2e"
  },
  "totalPrice": 108.849,
  "customer_id": {
    "$oid": "6469eb14da0b8e34ca487d94"
  }
},{
  "_id": {
    "$oid": "6469e794da0b8e34ca487d2f"
  },
  "totalPrice": 187.643,
  "customer_id": {
    "$oid": "6469eb14da0b8e34ca487d91"
  }
},{
  "_id": {
    "$oid": "6469e794da0b8e34ca487d30"
  },
  "totalPrice": 13.1,
  "customer_id": "2802905767"
},{
  "_id": {
    "$oid": "6469e794da0b8e34ca487d31"
  },
  "totalPrice": 245.815,
  "customer_id": "0206034369"
},{
  "_id": {
    "$oid": "6469e794da0b8e34ca487d32"
  },
  "totalPrice": 98.294,
  "customer_id": "6087336842"
},{
  "_id": {
    "$oid": "6469e794da0b8e34ca487d33"
  },
  "totalPrice": 325.98,
  "customer_id": "8151367717"
},{
  "_id": {
    "$oid": "6469e794da0b8e34ca487d34"
  },
  "totalPrice": 66.119,
  "customer_id": "0284377465"
},{
  "_id": {
    "$oid": "6469e794da0b8e34ca487d35"
  },
  "totalPrice": 361.158,
  "customer_id": "2713114195"
},{
  "_id": {
    "$oid": "6469e794da0b8e34ca487d36"
  },
  "totalPrice": 78.943,
  "customer_id": "7096185836"
},{
  "_id": {
    "$oid": "6469e794da0b8e34ca487d37"
  },
  "totalPrice": 56.411,
  "customer_id": "9368448558"
},{
  "_id": {
    "$oid": "6469e794da0b8e34ca487d38"
  },
  "totalPrice": 319.011,
  "customer_id": "3925691863"
},{
  "_id": {
    "$oid": "6469e794da0b8e34ca487d39"
  },
  "totalPrice": 232.973,
  "customer_id": "0373205694"
},{
  "_id": {
    "$oid": "6469e794da0b8e34ca487d3a"
  },
  "totalPrice": 57.269,
  "customer_id": "0267384173"
},{
  "_id": {
    "$oid": "6469e794da0b8e34ca487d3b"
  },
  "totalPrice": 142.313,
  "customer_id": "7125559352"
},{
  "_id": {
    "$oid": "6469e794da0b8e34ca487d3c"
  },
  "totalPrice": 69.459,
  "customer_id": "6859488328"
},{
  "_id": {
    "$oid": "6469e794da0b8e34ca487d3d"
  },
  "totalPrice": 388.179,
  "customer_id": "5691906569"
},{
  "_id": {
    "$oid": "6469e794da0b8e34ca487d3e"
  },
  "totalPrice": 263.829,
  "customer_id": "6114787315"
},{
  "_id": {
    "$oid": "6469e794da0b8e34ca487d3f"
  },
  "totalPrice": 275.245,
  "customer_id": "9767031308"
},{
  "_id": {
    "$oid": "6469e794da0b8e34ca487d40"
  },
  "totalPrice": 366.282,
  "customer_id": "0625531132"
},{
  "_id": {
    "$oid": "6469e794da0b8e34ca487d41"
  },
  "totalPrice": 10.612,
  "customer_id": "1882741129"
},{
  "_id": {
    "$oid": "6469e794da0b8e34ca487d42"
  },
  "totalPrice": 33.794,
  "customer_id": "0133836495"
},{
  "_id": {
    "$oid": "6469e794da0b8e34ca487d43"
  },
  "totalPrice": 333.014,
  "customer_id": "9340037790"
},{
  "_id": {
    "$oid": "6469e794da0b8e34ca487d44"
  },
  "totalPrice": 87.717,
  "customer_id": "2365021956"
},{
  "_id": {
    "$oid": "6469e794da0b8e34ca487d45"
  },
  "totalPrice": 15.07,
  "customer_id": "4038818993"
},{
  "_id": {
    "$oid": "6469e794da0b8e34ca487d46"
  },
  "totalPrice": 55.83,
  "customer_id": "3359716418"
},{
  "_id": {
    "$oid": "6469e794da0b8e34ca487d47"
  },
  "totalPrice": 52.705,
  "customer_id": "1429933410"
},{
  "_id": {
    "$oid": "6469e794da0b8e34ca487d48"
  },
  "totalPrice": 348.111,
  "customer_id": "8371190166"
},{
  "_id": {
    "$oid": "6469e794da0b8e34ca487d49"
  },
  "totalPrice": 121.337,
  "customer_id": "4377750828"
},{
  "_id": {
    "$oid": "6469e794da0b8e34ca487d4a"
  },
  "totalPrice": 376.217,
  "customer_id": "3996660669"
},{
  "_id": {
    "$oid": "6469e794da0b8e34ca487d4b"
  },
  "totalPrice": 269.847,
  "customer_id": "6912787894"
},{
  "_id": {
    "$oid": "6469e794da0b8e34ca487d4c"
  },
  "totalPrice": 110.131,
  "customer_id": "9539673089"
},{
  "_id": {
    "$oid": "6469e794da0b8e34ca487d4d"
  },
  "totalPrice": 335.247,
  "customer_id": "9873980768"
},{
  "_id": {
    "$oid": "6469e794da0b8e34ca487d4e"
  },
  "totalPrice": 54.963,
  "customer_id": "5833211670"
},{
  "_id": {
    "$oid": "6469e794da0b8e34ca487d4f"
  },
  "totalPrice": 284.376,
  "customer_id": "2615734881"
},{
  "_id": {
    "$oid": "6469e794da0b8e34ca487d50"
  },
  "totalPrice": 131.844,
  "customer_id": "3308016265"
},{
  "_id": {
    "$oid": "6469e794da0b8e34ca487d51"
  },
  "totalPrice": 258.08,
  "customer_id": "1117913597"
},{
  "_id": {
    "$oid": "6469e794da0b8e34ca487d52"
  },
  "totalPrice": 270.794,
  "customer_id": "0620828714"
},{
  "_id": {
    "$oid": "6469e794da0b8e34ca487d53"
  },
  "totalPrice": 11.759,
  "customer_id": "1259865533"
},{
  "_id": {
    "$oid": "6469e794da0b8e34ca487d54"
  },
  "totalPrice": 27.457,
  "customer_id": "3127381506"
},{
  "_id": {
    "$oid": "6469e794da0b8e34ca487d55"
  },
  "totalPrice": 357.893,
  "customer_id": "5218950939"
},{
  "_id": {
    "$oid": "6469e794da0b8e34ca487d56"
  },
  "totalPrice": 359.528,
  "customer_id": "2489804286"
},{
  "_id": {
    "$oid": "6469e794da0b8e34ca487d57"
  },
  "totalPrice": 43.327,
  "customer_id": "4802001150"
},{
  "_id": {
    "$oid": "6469e794da0b8e34ca487d58"
  },
  "totalPrice": 233.679,
  "customer_id": "5463516316"
},{
  "_id": {
    "$oid": "6469e794da0b8e34ca487d59"
  },
  "totalPrice": 270.361,
  "customer_id": "5011731685"
},{
  "_id": {
    "$oid": "6469e794da0b8e34ca487d5a"
  },
  "totalPrice": 354.769,
  "customer_id": "4121808428"
},{
  "_id": {
    "$oid": "6469e794da0b8e34ca487d5b"
  },
  "totalPrice": 364.364,
  "customer_id": "9534864056"
},{
  "_id": {
    "$oid": "6469e794da0b8e34ca487d5c"
  },
  "totalPrice": 306.222,
  "customer_id": "8180034046"
},{
  "_id": {
    "$oid": "6469e794da0b8e34ca487d5d"
  },
  "totalPrice": 189.05,
  "customer_id": "2284198600"
},{
  "_id": {
    "$oid": "6469e794da0b8e34ca487d5e"
  },
  "totalPrice": 49.496,
  "customer_id": "7388326898"
},{
  "_id": {
    "$oid": "6469e794da0b8e34ca487d5f"
  },
  "totalPrice": 101.49,
  "customer_id": "3650073773"
},{
  "_id": {
    "$oid": "6469e794da0b8e34ca487d60"
  },
  "totalPrice": 150.44,
  "customer_id": "8377336243"
},{
  "_id": {
    "$oid": "6469e794da0b8e34ca487d61"
  },
  "totalPrice": 248.906,
  "customer_id": "0065583299"
},{
  "_id": {
    "$oid": "6469e794da0b8e34ca487d62"
  },
  "totalPrice": 181.797,
  "customer_id": "1048315428"
},{
  "_id": {
    "$oid": "6469e794da0b8e34ca487d63"
  },
  "totalPrice": 2.56,
  "customer_id": "9593560068"
},{
  "_id": {
    "$oid": "6469e794da0b8e34ca487d64"
  },
  "totalPrice": 54.493,
  "customer_id": "6445842143"
},{
  "_id": {
    "$oid": "6469e794da0b8e34ca487d65"
  },
  "totalPrice": 294.017,
  "customer_id": "9649949828"
},{
  "_id": {
    "$oid": "6469e794da0b8e34ca487d66"
  },
  "totalPrice": 318.837,
  "customer_id": "9176866076"
},{
  "_id": {
    "$oid": "6469e794da0b8e34ca487d67"
  },
  "totalPrice": 93.034,
  "customer_id": "3730688715"
},{
  "_id": {
    "$oid": "6469e794da0b8e34ca487d68"
  },
  "totalPrice": 374.651,
  "customer_id": "8026296885"
},{
  "_id": {
    "$oid": "6469e794da0b8e34ca487d69"
  },
  "totalPrice": 75.289,
  "customer_id": "4312153159"
},{
  "_id": {
    "$oid": "6469e794da0b8e34ca487d6a"
  },
  "totalPrice": 8.877,
  "customer_id": "5077006881"
},{
  "_id": {
    "$oid": "6469e794da0b8e34ca487d6b"
  },
  "totalPrice": 51.295,
  "customer_id": "3314989067"
},{
  "_id": {
    "$oid": "6469e794da0b8e34ca487d6c"
  },
  "totalPrice": 169.793,
  "customer_id": "1017186197"
},{
  "_id": {
    "$oid": "6469e794da0b8e34ca487d6d"
  },
  "totalPrice": 80.011,
  "customer_id": "2360076302"
},{
  "_id": {
    "$oid": "6469e794da0b8e34ca487d6e"
  },
  "totalPrice": 122.345,
  "customer_id": "2668668417"
},{
  "_id": {
    "$oid": "6469e794da0b8e34ca487d6f"
  },
  "totalPrice": 72.141,
  "customer_id": "2859314733"
},{
  "_id": {
    "$oid": "6469e794da0b8e34ca487d70"
  },
  "totalPrice": 49.027,
  "customer_id": "5932329327"
},{
  "_id": {
    "$oid": "6469e794da0b8e34ca487d71"
  },
  "totalPrice": 383.795,
  "customer_id": "3749076154"
},{
  "_id": {
    "$oid": "6469e794da0b8e34ca487d72"
  },
  "totalPrice": 193.123,
  "customer_id": "9792111530"
},{
  "_id": {
    "$oid": "6469e794da0b8e34ca487d73"
  },
  "totalPrice": 2.037,
  "customer_id": "4235130625"
},{
  "_id": {
    "$oid": "6469e794da0b8e34ca487d74"
  },
  "totalPrice": 353.772,
  "customer_id": "3124379772"
},{
  "_id": {
    "$oid": "6469e794da0b8e34ca487d75"
  },
  "totalPrice": 350.34,
  "customer_id": "7496232211"
},{
  "_id": {
    "$oid": "6469e794da0b8e34ca487d76"
  },
  "totalPrice": 351.981,
  "customer_id": "4145793358"
},{
  "_id": {
    "$oid": "6469e794da0b8e34ca487d77"
  },
  "totalPrice": 48.668,
  "customer_id": "5246130134"
},{
  "_id": {
    "$oid": "6469e794da0b8e34ca487d78"
  },
  "totalPrice": 314.789,
  "customer_id": "7903705059"
},{
  "_id": {
    "$oid": "6469e794da0b8e34ca487d79"
  },
  "totalPrice": 236.978,
  "customer_id": "7640773245"
},{
  "_id": {
    "$oid": "6469e794da0b8e34ca487d7a"
  },
  "totalPrice": 277.137,
  "customer_id": "9743680683"
},{
  "_id": {
    "$oid": "6469e794da0b8e34ca487d7b"
  },
  "totalPrice": 54.21,
  "customer_id": "4608632531"
},{
  "_id": {
    "$oid": "6469e794da0b8e34ca487d7c"
  },
  "totalPrice": 37.966,
  "customer_id": "1404706208"
},{
  "_id": {
    "$oid": "6469e794da0b8e34ca487d7d"
  },
  "totalPrice": 74.25,
  "customer_id": "9139062406"
},{
  "_id": {
    "$oid": "6469e794da0b8e34ca487d7e"
  },
  "totalPrice": 297.492,
  "customer_id": "9790159382"
},{
  "_id": {
    "$oid": "6469e794da0b8e34ca487d7f"
  },
  "totalPrice": 174.429,
  "customer_id": "2124986228"
}]