[{
  "_id": {
    "$oid": "6469eb14da0b8e34ca487d81"
  },
  "name": "Shelagh",
  "age": 24,
  "address": "200 Iowa Pass"
},{
  "_id": {
    "$oid": "6469eb14da0b8e34ca487d82"
  },
  "name": "Marijo",
  "age": 25,
  "address": "3 Glendale Place"
},{
  "_id": {
    "$oid": "6469eb14da0b8e34ca487d83"
  },
  "name": "Cart",
  "age": 48,
  "address": "82 Express Pass"
},{
  "_id": {
    "$oid": "6469eb14da0b8e34ca487d84"
  },
  "name": "Ralina",
  "age": 34,
  "address": "81 Merchant Way"
},{
  "_id": {
    "$oid": "6469eb14da0b8e34ca487d85"
  },
  "name": "Marinna",
  "age": 47,
  "address": "44479 Schurz Center"
},{
  "_id": {
    "$oid": "6469eb14da0b8e34ca487d86"
  },
  "name": "Faye",
  "age": 23,
  "address": "120 Ryan Drive"
},{
  "_id": {
    "$oid": "6469eb14da0b8e34ca487d87"
  },
  "name": "Salem",
  "age": 42,
  "address": "6 Burrows Circle"
},{
  "_id": {
    "$oid": "6469eb14da0b8e34ca487d88"
  },
  "name": "Felic",
  "age": 50,
  "address": "9602 Sommers Place"
},{
  "_id": {
    "$oid": "6469eb14da0b8e34ca487d89"
  },
  "name": "Agneta",
  "age": 33,
  "address": "2672 Moulton Way"
},{
  "_id": {
    "$oid": "6469eb14da0b8e34ca487d8a"
  },
  "name": "Rozamond",
  "age": 19,
  "address": "63750 Memorial Center"
},{
  "_id": {
    "$oid": "6469eb14da0b8e34ca487d8b"
  },
  "name": "Heather",
  "age": 24,
  "address": "54155 Raven Crossing"
},{
  "_id": {
    "$oid": "6469eb14da0b8e34ca487d8c"
  },
  "name": "Clayson",
  "age": 39,
  "address": "555 Florence Pass"
},{
  "_id": {
    "$oid": "6469eb14da0b8e34ca487d8d"
  },
  "name": "Vina",
  "age": 50,
  "address": "20088 Graedel Terrace"
},{
  "_id": {
    "$oid": "6469eb14da0b8e34ca487d8e"
  },
  "name": "Kittie",
  "age": 43,
  "address": "363 Rigney Crossing"
},{
  "_id": {
    "$oid": "6469eb14da0b8e34ca487d8f"
  },
  "name": "Kacey",
  "age": 28,
  "address": "93 Marcy Park"
},{
  "_id": {
    "$oid": "6469eb14da0b8e34ca487d90"
  },
  "name": "Gearard",
  "age": 21,
  "address": "12836 Crowley Avenue"
},{
  "_id": {
    "$oid": "6469eb14da0b8e34ca487d91"
  },
  "name": "Logan",
  "age": 34,
  "address": "87 Independence Alley"
},{
  "_id": {
    "$oid": "6469eb14da0b8e34ca487d92"
  },
  "name": "Cecelia",
  "age": 40,
  "address": "03 Carberry Trail"
},{
  "_id": {
    "$oid": "6469eb14da0b8e34ca487d93"
  },
  "name": "Gino",
  "age": 28,
  "address": "8986 Novick Point"
},{
  "_id": {
    "$oid": "6469eb14da0b8e34ca487d94"
  },
  "name": "Inez",
  "age": 45,
  "address": "15 Gateway Street"
},{
  "_id": {
    "$oid": "6469eb14da0b8e34ca487d95"
  },
  "name": "Koren",
  "age": 43,
  "address": "56 Merchant Center"
},{
  "_id": {
    "$oid": "6469eb14da0b8e34ca487d96"
  },
  "name": "Dag",
  "age": 27,
  "address": "9 Spohn Street"
},{
  "_id": {
    "$oid": "6469eb14da0b8e34ca487d97"
  },
  "name": "Maurizia",
  "age": 43,
  "address": "93 Westerfield Lane"
},{
  "_id": {
    "$oid": "6469eb14da0b8e34ca487d98"
  },
  "name": "Gradeigh",
  "age": 39,
  "address": "289 Carberry Center"
},{
  "_id": {
    "$oid": "6469eb14da0b8e34ca487d99"
  },
  "name": "Bari",
  "age": 27,
  "address": "754 Larry Junction"
},{
  "_id": {
    "$oid": "6469eb14da0b8e34ca487d9a"
  },
  "name": "Fey",
  "age": 43,
  "address": "05082 Monterey Hill"
},{
  "_id": {
    "$oid": "6469eb14da0b8e34ca487d9b"
  },
  "name": "Hi",
  "age": 47,
  "address": "0860 Burning Wood Hill"
},{
  "_id": {
    "$oid": "6469eb14da0b8e34ca487d9c"
  },
  "name": "Ado",
  "age": 20,
  "address": "42 Portage Way"
},{
  "_id": {
    "$oid": "6469eb14da0b8e34ca487d9d"
  },
  "name": "Darla",
  "age": 43,
  "address": "15591 Stone Corner Place"
},{
  "_id": {
    "$oid": "6469eb14da0b8e34ca487d9e"
  },
  "name": "Christy",
  "age": 49,
  "address": "979 Bartelt Terrace"
},{
  "_id": {
    "$oid": "6469eb14da0b8e34ca487d9f"
  },
  "name": "Sapphire",
  "age": 43,
  "address": "56814 Rigney Avenue"
},{
  "_id": {
    "$oid": "6469eb14da0b8e34ca487da0"
  },
  "name": "Pyotr",
  "age": 26,
  "address": "784 School Circle"
},{
  "_id": {
    "$oid": "6469eb14da0b8e34ca487da1"
  },
  "name": "Karol",
  "age": 35,
  "address": "91784 Monterey Alley"
},{
  "_id": {
    "$oid": "6469eb14da0b8e34ca487da2"
  },
  "name": "Hillary",
  "age": 42,
  "address": "7 Dorton Terrace"
},{
  "_id": {
    "$oid": "6469eb14da0b8e34ca487da3"
  },
  "name": "Garvin",
  "age": 49,
  "address": "039 Texas Lane"
},{
  "_id": {
    "$oid": "6469eb14da0b8e34ca487da4"
  },
  "name": "Devlin",
  "age": 22,
  "address": "3 Stang Circle"
},{
  "_id": {
    "$oid": "6469eb14da0b8e34ca487da5"
  },
  "name": "Sancho",
  "age": 25,
  "address": "02990 Anderson Trail"
},{
  "_id": {
    "$oid": "6469eb14da0b8e34ca487da6"
  },
  "name": "Earle",
  "age": 27,
  "address": "68 Havey Pass"
},{
  "_id": {
    "$oid": "6469eb14da0b8e34ca487da7"
  },
  "name": "Cammy",
  "age": 38,
  "address": "632 Farwell Point"
},{
  "_id": {
    "$oid": "6469eb14da0b8e34ca487da8"
  },
  "name": "Sydel",
  "age": 41,
  "address": "01 Merrick Crossing"
},{
  "_id": {
    "$oid": "6469eb14da0b8e34ca487da9"
  },
  "name": "Selie",
  "age": 43,
  "address": "108 Mockingbird Terrace"
},{
  "_id": {
    "$oid": "6469eb14da0b8e34ca487daa"
  },
  "name": "Sorcha",
  "age": 47,
  "address": "6 Haas Alley"
},{
  "_id": {
    "$oid": "6469eb14da0b8e34ca487dab"
  },
  "name": "Maurise",
  "age": 47,
  "address": "33 Eagan Point"
},{
  "_id": {
    "$oid": "6469eb14da0b8e34ca487dac"
  },
  "name": "Lamar",
  "age": 45,
  "address": "27149 Hayes Drive"
},{
  "_id": {
    "$oid": "6469eb14da0b8e34ca487dad"
  },
  "name": "Shandy",
  "age": 26,
  "address": "23 Kropf Plaza"
},{
  "_id": {
    "$oid": "6469eb14da0b8e34ca487dae"
  },
  "name": "Matty",
  "age": 24,
  "address": "8 Express Crossing"
},{
  "_id": {
    "$oid": "6469eb14da0b8e34ca487daf"
  },
  "name": "Cathrine",
  "age": 25,
  "address": "1302 Mockingbird Way"
},{
  "_id": {
    "$oid": "6469eb14da0b8e34ca487db0"
  },
  "name": "Cad",
  "age": 47,
  "address": "9 Mallard Avenue"
},{
  "_id": {
    "$oid": "6469eb14da0b8e34ca487db1"
  },
  "name": "Shelby",
  "age": 22,
  "address": "2 Upham Way"
},{
  "_id": {
    "$oid": "6469eb14da0b8e34ca487db2"
  },
  "name": "Nevins",
  "age": 27,
  "address": "1 Dorton Hill"
},{
  "_id": {
    "$oid": "6469eb14da0b8e34ca487db3"
  },
  "name": "Belinda",
  "age": 47,
  "address": "5426 Valley Edge Alley"
},{
  "_id": {
    "$oid": "6469eb14da0b8e34ca487db4"
  },
  "name": "Celka",
  "age": 32,
  "address": "56 Norway Maple Street"
},{
  "_id": {
    "$oid": "6469eb14da0b8e34ca487db5"
  },
  "name": "Jordan",
  "age": 46,
  "address": "43839 Dapin Avenue"
},{
  "_id": {
    "$oid": "6469eb14da0b8e34ca487db6"
  },
  "name": "Anne-corinne",
  "age": 19,
  "address": "418 West Road"
},{
  "_id": {
    "$oid": "6469eb14da0b8e34ca487db7"
  },
  "name": "Burlie",
  "age": 29,
  "address": "74904 Fieldstone Road"
},{
  "_id": {
    "$oid": "6469eb14da0b8e34ca487db8"
  },
  "name": "Pepito",
  "age": 34,
  "address": "8 Nobel Lane"
},{
  "_id": {
    "$oid": "6469eb14da0b8e34ca487db9"
  },
  "name": "Hew",
  "age": 35,
  "address": "36 Dottie Parkway"
},{
  "_id": {
    "$oid": "6469eb14da0b8e34ca487dba"
  },
  "name": "Francine",
  "age": 21,
  "address": "6090 Dixon Alley"
},{
  "_id": {
    "$oid": "6469eb14da0b8e34ca487dbb"
  },
  "name": "Dunn",
  "age": 34,
  "address": "08051 Fuller Alley"
},{
  "_id": {
    "$oid": "6469eb14da0b8e34ca487dbc"
  },
  "name": "Juliann",
  "age": 22,
  "address": "8 Corry Terrace"
},{
  "_id": {
    "$oid": "6469eb14da0b8e34ca487dbd"
  },
  "name": "Odelinda",
  "age": 48,
  "address": "43313 Grover Court"
},{
  "_id": {
    "$oid": "6469eb14da0b8e34ca487dbe"
  },
  "name": "Portie",
  "age": 38,
  "address": "74670 Hollow Ridge Drive"
},{
  "_id": {
    "$oid": "6469eb14da0b8e34ca487dbf"
  },
  "name": "Antonietta",
  "age": 24,
  "address": "52646 Loeprich Point"
},{
  "_id": {
    "$oid": "6469eb14da0b8e34ca487dc0"
  },
  "name": "Jakob",
  "age": 34,
  "address": "718 Lukken Court"
},{
  "_id": {
    "$oid": "6469eb14da0b8e34ca487dc1"
  },
  "name": "Vicki",
  "age": 31,
  "address": "890 Pennsylvania Hill"
},{
  "_id": {
    "$oid": "6469eb14da0b8e34ca487dc2"
  },
  "name": "Brion",
  "age": 36,
  "address": "2 Trailsway Drive"
},{
  "_id": {
    "$oid": "6469eb14da0b8e34ca487dc3"
  },
  "name": "Franciskus",
  "age": 48,
  "address": "02201 Golf Alley"
},{
  "_id": {
    "$oid": "6469eb14da0b8e34ca487dc4"
  },
  "name": "Misty",
  "age": 22,
  "address": "1930 Huxley Court"
},{
  "_id": {
    "$oid": "6469eb14da0b8e34ca487dc5"
  },
  "name": "Ari",
  "age": 29,
  "address": "78 Golf Parkway"
},{
  "_id": {
    "$oid": "6469eb14da0b8e34ca487dc6"
  },
  "name": "Aggy",
  "age": 30,
  "address": "881 Holy Cross Junction"
},{
  "_id": {
    "$oid": "6469eb14da0b8e34ca487dc7"
  },
  "name": "Toddie",
  "age": 46,
  "address": "12 Heath Terrace"
},{
  "_id": {
    "$oid": "6469eb14da0b8e34ca487dc8"
  },
  "name": "Dewey",
  "age": 29,
  "address": "15944 John Wall Crossing"
},{
  "_id": {
    "$oid": "6469eb14da0b8e34ca487dc9"
  },
  "name": "Kora",
  "age": 41,
  "address": "822 Pine View Center"
},{
  "_id": {
    "$oid": "6469eb14da0b8e34ca487dca"
  },
  "name": "Xenos",
  "age": 39,
  "address": "8194 Towne Court"
},{
  "_id": {
    "$oid": "6469eb14da0b8e34ca487dcb"
  },
  "name": "Jonathan",
  "age": 41,
  "address": "72 Rowland Circle"
},{
  "_id": {
    "$oid": "6469eb14da0b8e34ca487dcc"
  },
  "name": "Nalani",
  "age": 48,
  "address": "5561 Harbort Place"
},{
  "_id": {
    "$oid": "6469eb14da0b8e34ca487dcd"
  },
  "name": "Sayres",
  "age": 43,
  "address": "3447 Schmedeman Parkway"
},{
  "_id": {
    "$oid": "6469eb14da0b8e34ca487dce"
  },
  "name": "Mady",
  "age": 27,
  "address": "551 Oxford Trail"
},{
  "_id": {
    "$oid": "6469eb14da0b8e34ca487dcf"
  },
  "name": "Jobie",
  "age": 30,
  "address": "511 Utah Place"
},{
  "_id": {
    "$oid": "6469eb14da0b8e34ca487dd0"
  },
  "name": "Teodora",
  "age": 37,
  "address": "133 Scoville Center"
},{
  "_id": {
    "$oid": "6469eb14da0b8e34ca487dd1"
  },
  "name": "Jeremie",
  "age": 35,
  "address": "588 Maple Hill"
},{
  "_id": {
    "$oid": "6469eb14da0b8e34ca487dd2"
  },
  "name": "Aila",
  "age": 22,
  "address": "174 Fieldstone Pass"
},{
  "_id": {
    "$oid": "6469eb14da0b8e34ca487dd3"
  },
  "name": "Maryrose",
  "age": 32,
  "address": "3 Granby Road"
},{
  "_id": {
    "$oid": "6469eb14da0b8e34ca487dd4"
  },
  "name": "Casey",
  "age": 35,
  "address": "7366 Dexter Avenue"
},{
  "_id": {
    "$oid": "6469eb14da0b8e34ca487dd5"
  },
  "name": "Allayne",
  "age": 34,
  "address": "926 Lindbergh Avenue"
},{
  "_id": {
    "$oid": "6469eb14da0b8e34ca487dd6"
  },
  "name": "Trula",
  "age": 47,
  "address": "6758 Northland Crossing"
},{
  "_id": {
    "$oid": "6469eb14da0b8e34ca487dd7"
  },
  "name": "Jojo",
  "age": 23,
  "address": "5 Rutledge Place"
},{
  "_id": {
    "$oid": "6469eb14da0b8e34ca487dd8"
  },
  "name": "Conny",
  "age": 24,
  "address": "9 Messerschmidt Park"
},{
  "_id": {
    "$oid": "6469eb14da0b8e34ca487dd9"
  },
  "name": "Stephanie",
  "age": 35,
  "address": "18 Prairie Rose Way"
},{
  "_id": {
    "$oid": "6469eb14da0b8e34ca487dda"
  },
  "name": "Kissie",
  "age": 32,
  "address": "13739 Clarendon Street"
},{
  "_id": {
    "$oid": "6469eb14da0b8e34ca487ddb"
  },
  "name": "Zeb",
  "age": 43,
  "address": "4 Maryland Parkway"
},{
  "_id": {
    "$oid": "6469eb14da0b8e34ca487ddc"
  },
  "name": "Brittni",
  "age": 19,
  "address": "2 Warbler Way"
},{
  "_id": {
    "$oid": "6469eb14da0b8e34ca487ddd"
  },
  "name": "Edy",
  "age": 26,
  "address": "1 Jay Road"
},{
  "_id": {
    "$oid": "6469eb14da0b8e34ca487dde"
  },
  "name": "Gisella",
  "age": 50,
  "address": "29 Debs Point"
},{
  "_id": {
    "$oid": "6469eb14da0b8e34ca487ddf"
  },
  "name": "Binky",
  "age": 28,
  "address": "70 Meadow Valley Place"
},{
  "_id": {
    "$oid": "6469eb14da0b8e34ca487de0"
  },
  "name": "Court",
  "age": 24,
  "address": "681 Hoepker Trail"
},{
  "_id": {
    "$oid": "6469eb14da0b8e34ca487de1"
  },
  "name": "Liuka",
  "age": 43,
  "address": "58019 Oneill Parkway"
},{
  "_id": {
    "$oid": "6469eb14da0b8e34ca487de2"
  },
  "name": "Ardath",
  "age": 21,
  "address": "20017 Rockefeller Avenue"
},{
  "_id": {
    "$oid": "6469eb14da0b8e34ca487de3"
  },
  "name": "Babs",
  "age": 23,
  "address": "0 Memorial Point"
},{
  "_id": {
    "$oid": "6469eb14da0b8e34ca487de4"
  },
  "name": "Sunny",
  "age": 23,
  "address": "974 Logan Circle"
}]