[{
  "_id": {
    "$oid": "646a2367da0b8e34ca487f7c"
  },
  "name": "Koren",
  "title": "Marketing Assistant",
  "salary": 897.7172
},{
  "_id": {
    "$oid": "646a2367da0b8e34ca487f7d"
  },
  "name": "Ara",
  "title": "Database Administrator III",
  "salary": 574.5001
},{
  "_id": {
    "$oid": "646a2367da0b8e34ca487f7e"
  },
  "name": "Joscelin",
  "title": "VP Quality Control",
  "salary": 930.8645
},{
  "_id": {
    "$oid": "646a2367da0b8e34ca487f7f"
  },
  "name": "Brew",
  "title": "Operator",
  "salary": 723.63558
},{
  "_id": {
    "$oid": "646a2367da0b8e34ca487f80"
  },
  "name": "Celestyna",
  "title": "VP Quality Control",
  "salary": 889.22056
},{
  "_id": {
    "$oid": "646a2367da0b8e34ca487f81"
  },
  "name": "Lorelei",
  "title": "Chemical Engineer",
  "salary": 846.16629
},{
  "_id": {
    "$oid": "646a2367da0b8e34ca487f82"
  },
  "name": "Dell",
  "title": "Research Associate",
  "salary": 658.63802
},{
  "_id": {
    "$oid": "646a2367da0b8e34ca487f83"
  },
  "name": "Blinnie",
  "title": "Environmental Tech",
  "salary": 907.96517
},{
  "_id": {
    "$oid": "646a2367da0b8e34ca487f84"
  },
  "name": "Darwin",
  "title": "Human Resources Manager",
  "salary": 961.90029
},{
  "_id": {
    "$oid": "646a2367da0b8e34ca487f85"
  },
  "name": "Donielle",
  "title": "Teacher",
  "salary": 516.10053
},{
  "_id": {
    "$oid": "646a2367da0b8e34ca487f86"
  },
  "name": "Beckie",
  "title": "Financial Analyst",
  "salary": 933.91188
},{
  "_id": {
    "$oid": "646a2367da0b8e34ca487f87"
  },
  "name": "Faina",
  "title": "Software Test Engineer IV",
  "salary": 876.31787
},{
  "_id": {
    "$oid": "646a2367da0b8e34ca487f88"
  },
  "name": "Leicester",
  "title": "Web Designer II",
  "salary": 902.18786
},{
  "_id": {
    "$oid": "646a2367da0b8e34ca487f89"
  },
  "name": "Amble",
  "title": "Physical Therapy Assistant",
  "salary": 704.01155
},{
  "_id": {
    "$oid": "646a2367da0b8e34ca487f8a"
  },
  "name": "Logan",
  "title": "Accounting Assistant III",
  "salary": 813.4096
},{
  "_id": {
    "$oid": "646a2367da0b8e34ca487f8b"
  },
  "name": "Brooks",
  "title": "Occupational Therapist",
  "salary": 550.53562
},{
  "_id": {
    "$oid": "646a2367da0b8e34ca487f8c"
  },
  "name": "Maddy",
  "title": "Structural Engineer",
  "salary": 857.29773
},{
  "_id": {
    "$oid": "646a2367da0b8e34ca487f8d"
  },
  "name": "Zollie",
  "title": "Frontend Developer",
  "salary": 826.08585
},{
  "_id": {
    "$oid": "646a2367da0b8e34ca487f8e"
  },
  "name": "Eward",
  "title": "Frontend Developer",
  "salary": 581.33836
},{
  "_id": {
    "$oid": "646a2367da0b8e34ca487f8f"
  },
  "name": "Melli",
  "title": "Computer Systems Analyst I",
  "salary": 871.95519
},{
  "_id": {
    "$oid": "646a2367da0b8e34ca487f90"
  },
  "name": "Natalie",
  "title": "Assistant Media Planner",
  "salary": 526.51192
},{
  "_id": {
    "$oid": "646a2367da0b8e34ca487f91"
  },
  "name": "Roz",
  "title": "Staff Accountant IV",
  "salary": 972.53727
},{
  "_id": {
    "$oid": "646a2367da0b8e34ca487f92"
  },
  "name": "Natalya",
  "title": "Assistant Manager",
  "salary": 849.86528
},{
  "_id": {
    "$oid": "646a2367da0b8e34ca487f93"
  },
  "name": "Agnese",
  "title": "Account Executive",
  "salary": 775.52052
},{
  "_id": {
    "$oid": "646a2367da0b8e34ca487f94"
  },
  "name": "Harlie",
  "title": "Programmer Analyst II",
  "salary": 874.27035
},{
  "_id": {
    "$oid": "646a2367da0b8e34ca487f95"
  },
  "name": "Rawley",
  "title": "Director of Sales",
  "salary": 658.43176
},{
  "_id": {
    "$oid": "646a2367da0b8e34ca487f96"
  },
  "name": "Kipp",
  "title": "Assistant Media Planner",
  "salary": 763.99757
},{
  "_id": {
    "$oid": "646a2367da0b8e34ca487f97"
  },
  "name": "Win",
  "title": "VP Product Management",
  "salary": 753.25726
},{
  "_id": {
    "$oid": "646a2367da0b8e34ca487f98"
  },
  "name": "Neila",
  "title": "Senior Editor",
  "salary": 523.08191
},{
  "_id": {
    "$oid": "646a2367da0b8e34ca487f99"
  },
  "name": "Nonnah",
  "title": "Actuary",
  "salary": 502.64519
},{
  "_id": {
    "$oid": "646a2367da0b8e34ca487f9a"
  },
  "name": "Irvin",
  "title": "Quality Engineer",
  "salary": 687.8624
},{
  "_id": {
    "$oid": "646a2367da0b8e34ca487f9b"
  },
  "name": "Toby",
  "title": "Chief Design Engineer",
  "salary": 654.26583
},{
  "_id": {
    "$oid": "646a2367da0b8e34ca487f9c"
  },
  "name": "Cathleen",
  "title": "Statistician II",
  "salary": 677.54506
},{
  "_id": {
    "$oid": "646a2367da0b8e34ca487f9d"
  },
  "name": "Frances",
  "title": "Software Engineer I",
  "salary": 639.87464
},{
  "_id": {
    "$oid": "646a2367da0b8e34ca487f9e"
  },
  "name": "Clywd",
  "title": "Account Executive",
  "salary": 696.69124
},{
  "_id": {
    "$oid": "646a2367da0b8e34ca487f9f"
  },
  "name": "Pia",
  "title": "Environmental Tech",
  "salary": 561.62254
},{
  "_id": {
    "$oid": "646a2367da0b8e34ca487fa0"
  },
  "name": "Meridel",
  "title": "Environmental Specialist",
  "salary": 891.20305
},{
  "_id": {
    "$oid": "646a2367da0b8e34ca487fa1"
  },
  "name": "Cathe",
  "title": "Backend Developer",
  "salary": 932.14503
},{
  "_id": {
    "$oid": "646a2367da0b8e34ca487fa2"
  },
  "name": "William",
  "title": "Backend Devleoper",
  "salary": 884.39026
},{
  "_id": {
    "$oid": "646a2367da0b8e34ca487fa3"
  },
  "name": "Urbain",
  "title": "Product Engineer",
  "salary": 597.07596
},{
  "_id": {
    "$oid": "646a2367da0b8e34ca487fa4"
  },
  "name": "Kalinda",
  "title": "Office Assistant II",
  "salary": 886.6288
},{
  "_id": {
    "$oid": "646a2367da0b8e34ca487fa5"
  },
  "name": "Nata",
  "title": "Frontend Developer",
  "salary": 917.11724
},{
  "_id": {
    "$oid": "646a2367da0b8e34ca487fa6"
  },
  "name": "Etan",
  "title": "Frontend Developer",
  "salary": 883.3351
},{
  "_id": {
    "$oid": "646a2367da0b8e34ca487fa7"
  },
  "name": "Jinny",
  "title": "Executive Secretary",
  "salary": 752.71402
},{
  "_id": {
    "$oid": "646a2367da0b8e34ca487fa8"
  },
  "name": "Jocko",
  "title": "Food Chemist",
  "salary": 958.91708
},{
  "_id": {
    "$oid": "646a2367da0b8e34ca487fa9"
  },
  "name": "Jobye",
  "title": "Research Nurse",
  "salary": 961.05066
},{
  "_id": {
    "$oid": "646a2367da0b8e34ca487faa"
  },
  "name": "Etti",
  "title": "VP Sales",
  "salary": 507.09667
},{
  "_id": {
    "$oid": "646a2367da0b8e34ca487fab"
  },
  "name": "Dani",
  "title": "Marketing Manager",
  "salary": 813.15758
},{
  "_id": {
    "$oid": "646a2367da0b8e34ca487fac"
  },
  "name": "Rosemary",
  "title": "Structural Engineer",
  "salary": 785.74987
},{
  "_id": {
    "$oid": "646a2367da0b8e34ca487fad"
  },
  "name": "Dunn",
  "title": "Community Outreach Specialist",
  "salary": 916.11669
},{
  "_id": {
    "$oid": "646a2367da0b8e34ca487fae"
  },
  "name": "Roshelle",
  "title": "Civil Engineer",
  "salary": 815.79289
},{
  "_id": {
    "$oid": "646a2367da0b8e34ca487faf"
  },
  "name": "Larina",
  "title": "Recruiting Manager",
  "salary": 617.98931
},{
  "_id": {
    "$oid": "646a2367da0b8e34ca487fb0"
  },
  "name": "Stevana",
  "title": "Senior Quality Engineer",
  "salary": 920.47498
},{
  "_id": {
    "$oid": "646a2367da0b8e34ca487fb1"
  },
  "name": "Mona",
  "title": "Community Outreach Specialist",
  "salary": 844.68625
},{
  "_id": {
    "$oid": "646a2367da0b8e34ca487fb2"
  },
  "name": "Casper",
  "title": "Staff Scientist",
  "salary": 845.61462
},{
  "_id": {
    "$oid": "646a2367da0b8e34ca487fb3"
  },
  "name": "Nani",
  "title": "Backend Developer",
  "salary": 674.73023
},{
  "_id": {
    "$oid": "646a2367da0b8e34ca487fb4"
  },
  "name": "Bekki",
  "title": "Backend Developer",
  "salary": 652.05693
},{
  "_id": {
    "$oid": "646a2367da0b8e34ca487fb5"
  },
  "name": "Didi",
  "title": "Frontend Developer",
  "salary": 702.69914
},{
  "_id": {
    "$oid": "646a2367da0b8e34ca487fb6"
  },
  "name": "Maximilian",
  "title": "Pharmacist",
  "salary": 584.8386
},{
  "_id": {
    "$oid": "646a2367da0b8e34ca487fb7"
  },
  "name": "Cindi",
  "title": "Account Executive",
  "salary": 751.9729
},{
  "_id": {
    "$oid": "646a2367da0b8e34ca487fb8"
  },
  "name": "Zonda",
  "title": "Accounting Assistant I",
  "salary": 674.9221
},{
  "_id": {
    "$oid": "646a2367da0b8e34ca487fb9"
  },
  "name": "Winn",
  "title": "Accounting Assistant III",
  "salary": 508.51127
},{
  "_id": {
    "$oid": "646a2367da0b8e34ca487fba"
  },
  "name": "Arne",
  "title": "Teacher",
  "salary": 811.12235
},{
  "_id": {
    "$oid": "646a2367da0b8e34ca487fbb"
  },
  "name": "Janifer",
  "title": "Paralegal",
  "salary": 746.95817
},{
  "_id": {
    "$oid": "646a2367da0b8e34ca487fbc"
  },
  "name": "Phyllis",
  "title": "Paralegal",
  "salary": 631.74425
},{
  "_id": {
    "$oid": "646a2367da0b8e34ca487fbd"
  },
  "name": "Carmelina",
  "title": "Senior Financial Analyst",
  "salary": 659.19225
},{
  "_id": {
    "$oid": "646a2367da0b8e34ca487fbe"
  },
  "name": "Tillie",
  "title": "Web Developer II",
  "salary": 801.92875
},{
  "_id": {
    "$oid": "646a2367da0b8e34ca487fbf"
  },
  "name": "Lillian",
  "title": "Health Coach I",
  "salary": 930.2102
},{
  "_id": {
    "$oid": "646a2367da0b8e34ca487fc0"
  },
  "name": "Margie",
  "title": "Senior Sales Associate",
  "salary": 631.83633
},{
  "_id": {
    "$oid": "646a2367da0b8e34ca487fc1"
  },
  "name": "Garnet",
  "title": "Systems Administrator IV",
  "salary": 754.92944
},{
  "_id": {
    "$oid": "646a2367da0b8e34ca487fc2"
  },
  "name": "Korney",
  "title": "Operator",
  "salary": 990.88986
},{
  "_id": {
    "$oid": "646a2367da0b8e34ca487fc3"
  },
  "name": "Fidela",
  "title": "Information Systems Manager",
  "salary": 605.42645
},{
  "_id": {
    "$oid": "646a2367da0b8e34ca487fc4"
  },
  "name": "Gretta",
  "title": "VP Accounting",
  "salary": 747.94656
},{
  "_id": {
    "$oid": "646a2367da0b8e34ca487fc5"
  },
  "name": "Lyn",
  "title": "Assistant Media Planner",
  "salary": 720.97951
},{
  "_id": {
    "$oid": "646a2367da0b8e34ca487fc6"
  },
  "name": "Prent",
  "title": "Health Coach IV",
  "salary": 570.71444
},{
  "_id": {
    "$oid": "646a2367da0b8e34ca487fc7"
  },
  "name": "Petronia",
  "title": "Help Desk Technician",
  "salary": 791.4441
},{
  "_id": {
    "$oid": "646a2367da0b8e34ca487fc8"
  },
  "name": "Davidson",
  "title": "Payment Adjustment Coordinator",
  "salary": 965.24218
},{
  "_id": {
    "$oid": "646a2367da0b8e34ca487fc9"
  },
  "name": "Mohandis",
  "title": "Occupational Therapist",
  "salary": 973.60462
},{
  "_id": {
    "$oid": "646a2367da0b8e34ca487fca"
  },
  "name": "Meris",
  "title": "Assistant Manager",
  "salary": 892.05402
},{
  "_id": {
    "$oid": "646a2367da0b8e34ca487fcb"
  },
  "name": "Rhoda",
  "title": "Research Associate",
  "salary": 835.72707
},{
  "_id": {
    "$oid": "646a2367da0b8e34ca487fcc"
  },
  "name": "Bucky",
  "title": "VP Sales",
  "salary": 818.24637
},{
  "_id": {
    "$oid": "646a2367da0b8e34ca487fcd"
  },
  "name": "Lev",
  "title": "Geologist IV",
  "salary": 844.93853
},{
  "_id": {
    "$oid": "646a2367da0b8e34ca487fce"
  },
  "name": "Tonia",
  "title": "VP Marketing",
  "salary": 667.35558
},{
  "_id": {
    "$oid": "646a2367da0b8e34ca487fcf"
  },
  "name": "Britt",
  "title": "Analog Circuit Design manager",
  "salary": 585.83038
},{
  "_id": {
    "$oid": "646a2367da0b8e34ca487fd0"
  },
  "name": "Amaleta",
  "title": "Associate Professor",
  "salary": 837.248
},{
  "_id": {
    "$oid": "646a2367da0b8e34ca487fd1"
  },
  "name": "Mahalia",
  "title": "Environmental Specialist",
  "salary": 862.73581
},{
  "_id": {
    "$oid": "646a2367da0b8e34ca487fd2"
  },
  "name": "Jabez",
  "title": "Registered Nurse",
  "salary": 591.72372
},{
  "_id": {
    "$oid": "646a2367da0b8e34ca487fd3"
  },
  "name": "Marna",
  "title": "Assistant Professor",
  "salary": 730.58898
},{
  "_id": {
    "$oid": "646a2367da0b8e34ca487fd4"
  },
  "name": "Hagen",
  "title": "Desktop Support Technician",
  "salary": 800.4023
},{
  "_id": {
    "$oid": "646a2367da0b8e34ca487fd5"
  },
  "name": "Meredithe",
  "title": "Senior Editor",
  "salary": 995.24426
},{
  "_id": {
    "$oid": "646a2367da0b8e34ca487fd6"
  },
  "name": "Josee",
  "title": "Clinical Specialist",
  "salary": 702.32552
},{
  "_id": {
    "$oid": "646a2367da0b8e34ca487fd7"
  },
  "name": "Donia",
  "title": "Senior Developer",
  "salary": 648.25033
},{
  "_id": {
    "$oid": "646a2367da0b8e34ca487fd8"
  },
  "name": "Roarke",
  "title": "Clinical Specialist",
  "salary": 913.10079
},{
  "_id": {
    "$oid": "646a2367da0b8e34ca487fd9"
  },
  "name": "Lanna",
  "title": "Legal Assistant",
  "salary": 698.35677
},{
  "_id": {
    "$oid": "646a2367da0b8e34ca487fda"
  },
  "name": "Celesta",
  "title": "Web Developer IV",
  "salary": 529.52093
},{
  "_id": {
    "$oid": "646a2367da0b8e34ca487fdb"
  },
  "name": "Brendin",
  "title": "Occupational Therapist",
  "salary": 989.19895
},{
  "_id": {
    "$oid": "646a2367da0b8e34ca487fdc"
  },
  "name": "Dieter",
  "title": "Account Coordinator",
  "salary": 688.53213
},{
  "_id": {
    "$oid": "646a2367da0b8e34ca487fdd"
  },
  "name": "Britt",
  "title": "Actuary",
  "salary": 720.94353
},{
  "_id": {
    "$oid": "646a2367da0b8e34ca487fde"
  },
  "name": "Travus",
  "title": "Analog Circuit Design manager",
  "salary": 632.49904
},{
  "_id": {
    "$oid": "646a2367da0b8e34ca487fdf"
  },
  "name": "Michele",
  "title": "Budget/Accounting Analyst II",
  "salary": 738.99153
}]