[{
  "_id": {
    "$oid": "646a36b0da0b8e34ca48808f"
  },
  "genre": "Comedy|Crime",
  "age_group": "13-17",
  "book_id": "1040830161"
},{
  "_id": {
    "$oid": "646a36b0da0b8e34ca488090"
  },
  "genre": "Drama|Romance",
  "age_group": "18+",
  "book_id": "646a2d60da0b8e34ca487ff6"
},{
  "_id": {
    "$oid": "646a36b0da0b8e34ca488091"
  },
  "genre": "Documentary",
  "age_group": "13-17",
  "book_id": "0469949953"
},{
  "_id": {
    "$oid": "646a36b0da0b8e34ca488092"
  },
  "genre": "Drama",
  "age_group": "18+",
  "book_id": "6027693215"
},{
  "_id": {
    "$oid": "646a36b0da0b8e34ca488093"
  },
  "genre": "Drama",
  "age_group": "18+",
  "book_id": "0919809782"
},{
  "_id": {
    "$oid": "646a36b0da0b8e34ca488094"
  },
  "genre": "Comedy|Romance|War",
  "age_group": "18+",
  "book_id": "3067951212"
},{
  "_id": {
    "$oid": "646a36b0da0b8e34ca488095"
  },
  "genre": "Horror",
  "age_group": "5-12",
  "book_id": "4399957646"
},{
  "_id": {
    "$oid": "646a36b0da0b8e34ca488096"
  },
  "genre": "Comedy|Drama|War",
  "age_group": "18+",
  "book_id": {
    "$oid": "646a2d60da0b8e34ca487ff8"
  }
},{
  "_id": {
    "$oid": "646a36b0da0b8e34ca488097"
  },
  "genre": "Comedy|Drama|Musical|Romance",
  "age_group": "18+",
  "book_id": "3753443344"
},{
  "_id": {
    "$oid": "646a36b0da0b8e34ca488098"
  },
  "genre": "Comedy|Musical",
  "age_group": "13-17",
  "book_id": "8543475392"
},{
  "_id": {
    "$oid": "646a36b0da0b8e34ca488099"
  },
  "genre": "Mystery|Romance|Western",
  "age_group": "13-17",
  "book_id": "4853561099"
},{
  "_id": {
    "$oid": "646a36b0da0b8e34ca48809a"
  },
  "genre": "Drama|Romance",
  "age_group": "18+",
  "book_id": "5381213395"
},{
  "_id": {
    "$oid": "646a36b0da0b8e34ca48809b"
  },
  "genre": "Comedy",
  "age_group": "18+",
  "book_id": "8003336147"
},{
  "_id": {
    "$oid": "646a36b0da0b8e34ca48809c"
  },
  "genre": "Comedy|Drama|Romance",
  "age_group": "18+",
  "book_id": "0400875241"
},{
  "_id": {
    "$oid": "646a36b0da0b8e34ca48809d"
  },
  "genre": "Action|Animation|Comedy",
  "age_group": "13-17",
  "book_id": {
    "$oid": "646a2d60da0b8e34ca487ff9"
  }
},{
  "_id": {
    "$oid": "646a36b0da0b8e34ca48809e"
  },
  "genre": "Documentary",
  "age_group": "5-12",
  "book_id": "1530126150"
},{
  "_id": {
    "$oid": "646a36b0da0b8e34ca48809f"
  },
  "genre": "Crime|Drama",
  "age_group": "13-17",
  "book_id": "5303465381"
},{
  "_id": {
    "$oid": "646a36b0da0b8e34ca4880a0"
  },
  "genre": "Comedy|Drama|Romance",
  "age_group": "13-17",
  "book_id": "7724413614"
},{
  "_id": {
    "$oid": "646a36b0da0b8e34ca4880a1"
  },
  "genre": "Drama",
  "age_group": "13-17",
  "book_id": "9512585820"
},{
  "_id": {
    "$oid": "646a36b0da0b8e34ca4880a2"
  },
  "genre": "Drama",
  "age_group": "18+",
  "book_id": "646a2d60da0b8e34ca487ff9"
},{
  "_id": {
    "$oid": "646a36b0da0b8e34ca4880a3"
  },
  "genre": "Comedy|Crime",
  "age_group": "5-12",
  "book_id": "0690515081"
},{
  "_id": {
    "$oid": "646a36b0da0b8e34ca4880a4"
  },
  "genre": "Children|Comedy",
  "age_group": "18+",
  "book_id": "0247615110"
},{
  "_id": {
    "$oid": "646a36b0da0b8e34ca4880a5"
  },
  "genre": "Drama",
  "age_group": "5-12",
  "book_id": "4891985259"
},{
  "_id": {
    "$oid": "646a36b0da0b8e34ca4880a6"
  },
  "genre": "Comedy",
  "age_group": "18+",
  "book_id": "0438958640"
},{
  "_id": {
    "$oid": "646a36b0da0b8e34ca4880a7"
  },
  "genre": "Comedy",
  "age_group": "18+",
  "book_id": "1497252687"
},{
  "_id": {
    "$oid": "646a36b0da0b8e34ca4880a8"
  },
  "genre": "Comedy",
  "age_group": "5-12",
  "book_id": "8981360618"
},{
  "_id": {
    "$oid": "646a36b0da0b8e34ca4880a9"
  },
  "genre": "Documentary",
  "age_group": "18+",
  "book_id": "6007250954"
},{
  "_id": {
    "$oid": "646a36b0da0b8e34ca4880aa"
  },
  "genre": "Documentary",
  "age_group": "5-12",
  "book_id": "7450699656"
},{
  "_id": {
    "$oid": "646a36b0da0b8e34ca4880ab"
  },
  "genre": "Comedy|Crime",
  "age_group": "5-12",
  "book_id": "3870101008"
},{
  "_id": {
    "$oid": "646a36b0da0b8e34ca4880ac"
  },
  "genre": "Comedy",
  "age_group": "13-17",
  "book_id": "4807833030"
},{
  "_id": {
    "$oid": "646a36b0da0b8e34ca4880ad"
  },
  "genre": "Drama|Western",
  "age_group": "18+",
  "book_id": "5312475602"
},{
  "_id": {
    "$oid": "646a36b0da0b8e34ca4880ae"
  },
  "genre": "Documentary",
  "age_group": "18+",
  "book_id": "8322566948"
},{
  "_id": {
    "$oid": "646a36b0da0b8e34ca4880af"
  },
  "genre": "Documentary",
  "age_group": "5-12",
  "book_id": "2030892920"
},{
  "_id": {
    "$oid": "646a36b0da0b8e34ca4880b0"
  },
  "genre": "Drama|Musical",
  "age_group": "5-12",
  "book_id": "1723458473"
},{
  "_id": {
    "$oid": "646a36b0da0b8e34ca4880b1"
  },
  "genre": "Drama",
  "age_group": "5-12",
  "book_id": "6026571140"
},{
  "_id": {
    "$oid": "646a36b0da0b8e34ca4880b2"
  },
  "genre": "Action|Comedy",
  "age_group": "13-17",
  "book_id": "2727121687"
},{
  "_id": {
    "$oid": "646a36b0da0b8e34ca4880b3"
  },
  "genre": "Comedy|War",
  "age_group": "18+",
  "book_id": "7395611306"
},{
  "_id": {
    "$oid": "646a36b0da0b8e34ca4880b4"
  },
  "genre": "Adventure|Animation|Comedy",
  "age_group": "5-12",
  "book_id": "3302553269"
},{
  "_id": {
    "$oid": "646a36b0da0b8e34ca4880b5"
  },
  "genre": "Horror|Thriller",
  "age_group": "18+",
  "book_id": "7571727049"
},{
  "_id": {
    "$oid": "646a36b0da0b8e34ca4880b6"
  },
  "genre": "Drama",
  "age_group": "5-12",
  "book_id": "8720065698"
},{
  "_id": {
    "$oid": "646a36b0da0b8e34ca4880b7"
  },
  "genre": "Action|Adventure|Mystery|Thriller",
  "age_group": "5-12",
  "book_id": "5540903927"
},{
  "_id": {
    "$oid": "646a36b0da0b8e34ca4880b8"
  },
  "genre": "Comedy",
  "age_group": "5-12",
  "book_id": "1957001968"
},{
  "_id": {
    "$oid": "646a36b0da0b8e34ca4880b9"
  },
  "genre": "Comedy|Crime|Drama|Horror|Mystery|Romance|Thriller",
  "age_group": "5-12",
  "book_id": "1804395137"
},{
  "_id": {
    "$oid": "646a36b0da0b8e34ca4880ba"
  },
  "genre": "Action|Drama",
  "age_group": "18+",
  "book_id": "0871000792"
},{
  "_id": {
    "$oid": "646a36b0da0b8e34ca4880bb"
  },
  "genre": "Action|IMAX",
  "age_group": "13-17",
  "book_id": "6243800350"
},{
  "_id": {
    "$oid": "646a36b0da0b8e34ca4880bc"
  },
  "genre": "Crime|Drama|Film-Noir",
  "age_group": "13-17",
  "book_id": "7602113454"
},{
  "_id": {
    "$oid": "646a36b0da0b8e34ca4880bd"
  },
  "genre": "Documentary",
  "age_group": "13-17",
  "book_id": "8846642198"
},{
  "_id": {
    "$oid": "646a36b0da0b8e34ca4880be"
  },
  "genre": "Adventure|Comedy|Thriller",
  "age_group": "5-12",
  "book_id": "2063007322"
},{
  "_id": {
    "$oid": "646a36b0da0b8e34ca4880bf"
  },
  "genre": "Children|Comedy|Drama",
  "age_group": "5-12",
  "book_id": "2277982954"
},{
  "_id": {
    "$oid": "646a36b0da0b8e34ca4880c0"
  },
  "genre": "Drama|Horror|Thriller",
  "age_group": "18+",
  "book_id": "1206972742"
},{
  "_id": {
    "$oid": "646a36b0da0b8e34ca4880c1"
  },
  "genre": "Comedy|Drama",
  "age_group": "13-17",
  "book_id": "3312868149"
},{
  "_id": {
    "$oid": "646a36b0da0b8e34ca4880c2"
  },
  "genre": "Action|Children|Fantasy",
  "age_group": "5-12",
  "book_id": "0160785138"
},{
  "_id": {
    "$oid": "646a36b0da0b8e34ca4880c3"
  },
  "genre": "Action|Crime|Drama",
  "age_group": "18+",
  "book_id": "0232898278"
},{
  "_id": {
    "$oid": "646a36b0da0b8e34ca4880c4"
  },
  "genre": "Action|Adventure|War",
  "age_group": "13-17",
  "book_id": "9556878475"
},{
  "_id": {
    "$oid": "646a36b0da0b8e34ca4880c5"
  },
  "genre": "Drama",
  "age_group": "18+",
  "book_id": "4837937616"
},{
  "_id": {
    "$oid": "646a36b0da0b8e34ca4880c6"
  },
  "genre": "Drama",
  "age_group": "13-17",
  "book_id": "4822790924"
},{
  "_id": {
    "$oid": "646a36b0da0b8e34ca4880c7"
  },
  "genre": "Comedy",
  "age_group": "5-12",
  "book_id": "2464586900"
},{
  "_id": {
    "$oid": "646a36b0da0b8e34ca4880c8"
  },
  "genre": "Documentary",
  "age_group": "5-12",
  "book_id": "1091849013"
},{
  "_id": {
    "$oid": "646a36b0da0b8e34ca4880c9"
  },
  "genre": "Drama",
  "age_group": "13-17",
  "book_id": "9946625644"
},{
  "_id": {
    "$oid": "646a36b0da0b8e34ca4880ca"
  },
  "genre": "Comedy|Romance",
  "age_group": "13-17",
  "book_id": "0088809919"
},{
  "_id": {
    "$oid": "646a36b0da0b8e34ca4880cb"
  },
  "genre": "Drama",
  "age_group": "5-12",
  "book_id": "7621063696"
},{
  "_id": {
    "$oid": "646a36b0da0b8e34ca4880cc"
  },
  "genre": "Comedy|Drama|Romance",
  "age_group": "13-17",
  "book_id": "4420925078"
},{
  "_id": {
    "$oid": "646a36b0da0b8e34ca4880cd"
  },
  "genre": "Drama",
  "age_group": "18+",
  "book_id": "3489843002"
},{
  "_id": {
    "$oid": "646a36b0da0b8e34ca4880ce"
  },
  "genre": "Animation|Comedy",
  "age_group": "5-12",
  "book_id": "1870900235"
},{
  "_id": {
    "$oid": "646a36b0da0b8e34ca4880cf"
  },
  "genre": "Drama",
  "age_group": "13-17",
  "book_id": "2152480635"
},{
  "_id": {
    "$oid": "646a36b0da0b8e34ca4880d0"
  },
  "genre": "Crime|Drama",
  "age_group": "5-12",
  "book_id": "0837766265"
},{
  "_id": {
    "$oid": "646a36b0da0b8e34ca4880d1"
  },
  "genre": "Drama",
  "age_group": "18+",
  "book_id": "2013364504"
},{
  "_id": {
    "$oid": "646a36b0da0b8e34ca4880d2"
  },
  "genre": "Drama",
  "age_group": "18+",
  "book_id": "646a2d60da0b8e34ca488007"
},{
  "_id": {
    "$oid": "646a36b0da0b8e34ca4880d3"
  },
  "genre": "Comedy",
  "age_group": "13-17",
  "book_id": "1431820709"
},{
  "_id": {
    "$oid": "646a36b0da0b8e34ca4880d4"
  },
  "genre": "Drama",
  "age_group": "13-17",
  "book_id": "0419384820"
},{
  "_id": {
    "$oid": "646a36b0da0b8e34ca4880d5"
  },
  "genre": "Action|Crime",
  "age_group": "18+",
  "book_id": "8935865176"
},{
  "_id": {
    "$oid": "646a36b0da0b8e34ca4880d6"
  },
  "genre": "Crime|Drama",
  "age_group": "13-17",
  "book_id": "7070717679"
},{
  "_id": {
    "$oid": "646a36b0da0b8e34ca4880d7"
  },
  "genre": "Action|Thriller",
  "age_group": "5-12",
  "book_id": "3911686978"
},{
  "_id": {
    "$oid": "646a36b0da0b8e34ca4880d8"
  },
  "genre": "Mystery|Sci-Fi|Thriller",
  "age_group": "18+",
  "book_id": "6915832939"
},{
  "_id": {
    "$oid": "646a36b0da0b8e34ca4880d9"
  },
  "genre": "Horror|Sci-Fi",
  "age_group": "13-17",
  "book_id": "6587095550"
},{
  "_id": {
    "$oid": "646a36b0da0b8e34ca4880da"
  },
  "genre": "Comedy|Western",
  "age_group": "13-17",
  "book_id": "6654371232"
},{
  "_id": {
    "$oid": "646a36b0da0b8e34ca4880db"
  },
  "genre": "Adventure|Children|Fantasy",
  "age_group": "5-12",
  "book_id": "7420032874"
},{
  "_id": {
    "$oid": "646a36b0da0b8e34ca4880dc"
  },
  "genre": "Horror|Mystery",
  "age_group": "13-17",
  "book_id": "4807027247"
},{
  "_id": {
    "$oid": "646a36b0da0b8e34ca4880dd"
  },
  "genre": "Comedy|Crime",
  "age_group": "13-17",
  "book_id": "5557378596"
},{
  "_id": {
    "$oid": "646a36b0da0b8e34ca4880de"
  },
  "genre": "Drama|Fantasy|War",
  "age_group": "18+",
  "book_id": "3211375902"
},{
  "_id": {
    "$oid": "646a36b0da0b8e34ca4880df"
  },
  "genre": "Animation|Children|Comedy",
  "age_group": "5-12",
  "book_id": "1399929461"
},{
  "_id": {
    "$oid": "646a36b0da0b8e34ca4880e0"
  },
  "genre": "Drama",
  "age_group": "5-12",
  "book_id": "3737759707"
},{
  "_id": {
    "$oid": "646a36b0da0b8e34ca4880e1"
  },
  "genre": "Documentary",
  "age_group": "13-17",
  "book_id": "1975965469"
},{
  "_id": {
    "$oid": "646a36b0da0b8e34ca4880e2"
  },
  "genre": "Action|Adventure|Comedy",
  "age_group": "13-17",
  "book_id": "4269209208"
},{
  "_id": {
    "$oid": "646a36b0da0b8e34ca4880e3"
  },
  "genre": "Documentary|Thriller",
  "age_group": "13-17",
  "book_id": "5355004091"
},{
  "_id": {
    "$oid": "646a36b0da0b8e34ca4880e4"
  },
  "genre": "Drama",
  "age_group": "5-12",
  "book_id": "0630495289"
},{
  "_id": {
    "$oid": "646a36b0da0b8e34ca4880e5"
  },
  "genre": "Drama|Romance",
  "age_group": "13-17",
  "book_id": "2512164780"
},{
  "_id": {
    "$oid": "646a36b0da0b8e34ca4880e6"
  },
  "genre": "Drama",
  "age_group": "18+",
  "book_id": "646a2d60da0b8e34ca48800a"
},{
  "_id": {
    "$oid": "646a36b0da0b8e34ca4880e7"
  },
  "genre": "(no genres listed)",
  "age_group": "5-12",
  "book_id": "2016415886"
},{
  "_id": {
    "$oid": "646a36b0da0b8e34ca4880e8"
  },
  "genre": "Drama",
  "age_group": "18+",
  "book_id": "646a2d60da0b8e34ca48800b"
},{
  "_id": {
    "$oid": "646a36b0da0b8e34ca4880e9"
  },
  "genre": "Animation|Comedy|Fantasy",
  "age_group": "5-12",
  "book_id": "1640290680"
},{
  "_id": {
    "$oid": "646a36b0da0b8e34ca4880ea"
  },
  "genre": "Action|Drama",
  "age_group": "5-12",
  "book_id": "5438333319"
},{
  "_id": {
    "$oid": "646a36b0da0b8e34ca4880eb"
  },
  "genre": "Drama",
  "age_group": "18+",
  "book_id": "3412638234"
},{
  "_id": {
    "$oid": "646a36b0da0b8e34ca4880ec"
  },
  "genre": "Drama",
  "age_group": "13-17",
  "book_id": "0447471724"
},{
  "_id": {
    "$oid": "646a36b0da0b8e34ca4880ed"
  },
  "genre": "Action|Comedy|Crime",
  "age_group": "18+",
  "book_id": "5455841963"
},{
  "_id": {
    "$oid": "646a36b0da0b8e34ca4880ee"
  },
  "genre": "Action|Crime|Thriller",
  "age_group": "5-12",
  "book_id": "8858039009"
},{
  "_id": {
    "$oid": "646a36b0da0b8e34ca4880ef"
  },
  "genre": "Drama|Romance|Western",
  "age_group": "5-12",
  "book_id": "2462206914"
},{
  "_id": {
    "$oid": "646a36b0da0b8e34ca4880f0"
  },
  "genre": "Crime|Drama",
  "age_group": "13-17",
  "book_id": "8458288850"
},{
  "_id": {
    "$oid": "646a36b0da0b8e34ca4880f1"
  },
  "genre": "Action|Comedy|Romance",
  "age_group": "18+",
  "book_id": "8369649211"
},{
  "_id": {
    "$oid": "646a36b0da0b8e34ca4880f2"
  },
  "genre": "Drama|Thriller",
  "age_group": "13-17",
  "book_id": "4631991410"
}]