[{
  "_id": {
    "$oid": "646a0594da0b8e34ca487e4b"
  },
  "orderDate": "5/16/2023",
  "customer_id": {
    "$oid": "6469eb14da0b8e34ca487d81"
  }
},{
  "_id": {
    "$oid": "646a0594da0b8e34ca487e4c"
  },
  "orderDate": "8/7/2022",
  "customer_id": {
    "$oid": "6469eb14da0b8e34ca487d84"
  }
},{
  "_id": {
    "$oid": "646a0594da0b8e34ca487e4d"
  },
  "orderDate": "12/26/2021",
  "customer_id": "8123229860"
},{
  "_id": {
    "$oid": "646a0594da0b8e34ca487e4e"
  },
  "orderDate": "10/28/2022",
  "customer_id": "8812678955"
},{
  "_id": {
    "$oid": "646a0594da0b8e34ca487e4f"
  },
  "orderDate": "10/28/2021",
  "customer_id": "5817327589"
},{
  "_id": {
    "$oid": "646a0594da0b8e34ca487e50"
  },
  "orderDate": "9/6/2022",
  "customer_id": "7825622782"
},{
  "_id": {
    "$oid": "646a0594da0b8e34ca487e51"
  },
  "orderDate": "6/22/2022",
  "customer_id": "0287412067"
},{
  "_id": {
    "$oid": "646a0594da0b8e34ca487e52"
  },
  "orderDate": "4/12/2023",
  "customer_id": "9172129778"
},{
  "_id": {
    "$oid": "646a0594da0b8e34ca487e53"
  },
  "orderDate": "7/27/2022",
  "customer_id": "9621170117"
},{
  "_id": {
    "$oid": "646a0594da0b8e34ca487e54"
  },
  "orderDate": "12/31/2022",
  "customer_id": "7350369077"
},{
  "_id": {
    "$oid": "646a0594da0b8e34ca487e55"
  },
  "orderDate": "5/7/2022",
  "customer_id": {
    "$oid": "646a2367da0b8e34ca487f84"
  }
},{
  "_id": {
    "$oid": "646a0594da0b8e34ca487e56"
  },
  "orderDate": "9/24/2022",
  "customer_id": "2564662374"
},{
  "_id": {
    "$oid": "646a0594da0b8e34ca487e57"
  },
  "orderDate": "5/31/2022",
  "customer_id": "9065481494"
},{
  "_id": {
    "$oid": "646a0594da0b8e34ca487e58"
  },
  "orderDate": "5/30/2022",
  "customer_id": "2297714203"
},{
  "_id": {
    "$oid": "646a0594da0b8e34ca487e59"
  },
  "orderDate": "1/15/2023",
  "customer_id": "2032973820"
},{
  "_id": {
    "$oid": "646a0594da0b8e34ca487e5a"
  },
  "orderDate": "2/8/2023",
  "customer_id": "2355971390"
},{
  "_id": {
    "$oid": "646a0594da0b8e34ca487e5b"
  },
  "orderDate": "6/10/2022",
  "customer_id": "6469eb14da0b8e34ca487d81"
},{
  "_id": {
    "$oid": "646a0594da0b8e34ca487e5c"
  },
  "orderDate": "2/17/2023",
  "customer_id": {
    "$oid": "6469eb14da0b8e34ca487d91"
  }
},{
  "_id": {
    "$oid": "646a0594da0b8e34ca487e5d"
  },
  "orderDate": "4/24/2022",
  "customer_id": "1816010251"
},{
  "_id": {
    "$oid": "646a0594da0b8e34ca487e5e"
  },
  "orderDate": "3/29/2023",
  "customer_id": {
    "$oid": "646a3addda0b8e34ca48810f"
  }
},{
  "_id": {
    "$oid": "646a0594da0b8e34ca487e5f"
  },
  "orderDate": "2/8/2022",
  "customer_id": "9989564973"
},{
  "_id": {
    "$oid": "646a0594da0b8e34ca487e60"
  },
  "orderDate": "10/16/2021",
  "customer_id": "8594546211"
},{
  "_id": {
    "$oid": "646a0594da0b8e34ca487e61"
  },
  "orderDate": "11/1/2021",
  "customer_id": "5083477904"
},{
  "_id": {
    "$oid": "646a0594da0b8e34ca487e62"
  },
  "orderDate": "6/13/2022",
  "customer_id": "1899291296"
},{
  "_id": {
    "$oid": "646a0594da0b8e34ca487e63"
  },
  "orderDate": "10/13/2022",
  "customer_id": "5395925848"
},{
  "_id": {
    "$oid": "646a0594da0b8e34ca487e64"
  },
  "orderDate": "6/28/2022",
  "customer_id": "6313667751"
},{
  "_id": {
    "$oid": "646a0594da0b8e34ca487e65"
  },
  "orderDate": "3/12/2023",
  "customer_id": "5574729946"
},{
  "_id": {
    "$oid": "646a0594da0b8e34ca487e66"
  },
  "orderDate": "11/17/2022",
  "customer_id": "0413571262"
},{
  "_id": {
    "$oid": "646a0594da0b8e34ca487e67"
  },
  "orderDate": "12/22/2021",
  "customer_id": "9276670513"
},{
  "_id": {
    "$oid": "646a0594da0b8e34ca487e68"
  },
  "orderDate": "10/11/2021",
  "customer_id": "8071764922"
},{
  "_id": {
    "$oid": "646a0594da0b8e34ca487e69"
  },
  "orderDate": "1/26/2023",
  "customer_id": "9992023759"
},{
  "_id": {
    "$oid": "646a0594da0b8e34ca487e6a"
  },
  "orderDate": "9/26/2022",
  "customer_id": "6567516607"
},{
  "_id": {
    "$oid": "646a0594da0b8e34ca487e6b"
  },
  "orderDate": "3/29/2022",
  "customer_id": "8473292243"
},{
  "_id": {
    "$oid": "646a0594da0b8e34ca487e6c"
  },
  "orderDate": "2/5/2022",
  "customer_id": "9603524913"
},{
  "_id": {
    "$oid": "646a0594da0b8e34ca487e6d"
  },
  "orderDate": "11/18/2021",
  "customer_id": "5968811684"
},{
  "_id": {
    "$oid": "646a0594da0b8e34ca487e6e"
  },
  "orderDate": "2/22/2022",
  "customer_id": "0864162812"
},{
  "_id": {
    "$oid": "646a0594da0b8e34ca487e6f"
  },
  "orderDate": "4/8/2022",
  "customer_id": "7415896521"
},{
  "_id": {
    "$oid": "646a0594da0b8e34ca487e70"
  },
  "orderDate": "11/1/2022",
  "customer_id": "0209686634"
},{
  "_id": {
    "$oid": "646a0594da0b8e34ca487e71"
  },
  "orderDate": "4/5/2022",
  "customer_id": "9911651223"
},{
  "_id": {
    "$oid": "646a0594da0b8e34ca487e72"
  },
  "orderDate": "7/28/2022",
  "customer_id": "4393631889"
},{
  "_id": {
    "$oid": "646a0594da0b8e34ca487e73"
  },
  "orderDate": "8/3/2022",
  "customer_id": "3137982774"
},{
  "_id": {
    "$oid": "646a0594da0b8e34ca487e74"
  },
  "orderDate": "4/5/2022",
  "customer_id": "2885655291"
},{
  "_id": {
    "$oid": "646a0594da0b8e34ca487e75"
  },
  "orderDate": "4/1/2022",
  "customer_id": "8482860291"
},{
  "_id": {
    "$oid": "646a0594da0b8e34ca487e76"
  },
  "orderDate": "4/23/2023",
  "customer_id": "5598675986"
},{
  "_id": {
    "$oid": "646a0594da0b8e34ca487e77"
  },
  "orderDate": "11/11/2022",
  "customer_id": "9556901213"
},{
  "_id": {
    "$oid": "646a0594da0b8e34ca487e78"
  },
  "orderDate": "7/3/2022",
  "customer_id": "9003292736"
},{
  "_id": {
    "$oid": "646a0594da0b8e34ca487e79"
  },
  "orderDate": "3/26/2022",
  "customer_id": "4944587155"
},{
  "_id": {
    "$oid": "646a0594da0b8e34ca487e7a"
  },
  "orderDate": "11/5/2022",
  "customer_id": "2210560284"
},{
  "_id": {
    "$oid": "646a0594da0b8e34ca487e7b"
  },
  "orderDate": "2/20/2023",
  "customer_id": "4724635126"
},{
  "_id": {
    "$oid": "646a0594da0b8e34ca487e7c"
  },
  "orderDate": "7/5/2022",
  "customer_id": "2087127050"
},{
  "_id": {
    "$oid": "646a0594da0b8e34ca487e7d"
  },
  "orderDate": "12/14/2021",
  "customer_id": "4055535619"
},{
  "_id": {
    "$oid": "646a0594da0b8e34ca487e7e"
  },
  "orderDate": "9/27/2022",
  "customer_id": "4478969469"
},{
  "_id": {
    "$oid": "646a0594da0b8e34ca487e7f"
  },
  "orderDate": "3/21/2022",
  "customer_id": "8848960650"
},{
  "_id": {
    "$oid": "646a0594da0b8e34ca487e80"
  },
  "orderDate": "2/1/2023",
  "customer_id": "1706098367"
},{
  "_id": {
    "$oid": "646a0594da0b8e34ca487e81"
  },
  "orderDate": "4/16/2023",
  "customer_id": "8329392201"
},{
  "_id": {
    "$oid": "646a0594da0b8e34ca487e82"
  },
  "orderDate": "12/25/2022",
  "customer_id": "9183236511"
},{
  "_id": {
    "$oid": "646a0594da0b8e34ca487e83"
  },
  "orderDate": "4/20/2022",
  "customer_id": "0882468189"
},{
  "_id": {
    "$oid": "646a0594da0b8e34ca487e84"
  },
  "orderDate": "1/14/2023",
  "customer_id": "3687670538"
},{
  "_id": {
    "$oid": "646a0594da0b8e34ca487e85"
  },
  "orderDate": "11/18/2022",
  "customer_id": "1441582770"
},{
  "_id": {
    "$oid": "646a0594da0b8e34ca487e86"
  },
  "orderDate": "6/6/2022",
  "customer_id": "1971246492"
},{
  "_id": {
    "$oid": "646a0594da0b8e34ca487e87"
  },
  "orderDate": "3/15/2023",
  "customer_id": "3686737221"
},{
  "_id": {
    "$oid": "646a0594da0b8e34ca487e88"
  },
  "orderDate": "1/16/2023",
  "customer_id": "9359617342"
},{
  "_id": {
    "$oid": "646a0594da0b8e34ca487e89"
  },
  "orderDate": "11/4/2022",
  "customer_id": "1630673064"
},{
  "_id": {
    "$oid": "646a0594da0b8e34ca487e8a"
  },
  "orderDate": "1/13/2023",
  "customer_id": "2861144653"
},{
  "_id": {
    "$oid": "646a0594da0b8e34ca487e8b"
  },
  "orderDate": "10/22/2021",
  "customer_id": "4964441911"
},{
  "_id": {
    "$oid": "646a0594da0b8e34ca487e8c"
  },
  "orderDate": "10/21/2021",
  "customer_id": "8003926866"
},{
  "_id": {
    "$oid": "646a0594da0b8e34ca487e8d"
  },
  "orderDate": "12/26/2022",
  "customer_id": "4054169090"
},{
  "_id": {
    "$oid": "646a0594da0b8e34ca487e8e"
  },
  "orderDate": "8/23/2022",
  "customer_id": "5432387360"
},{
  "_id": {
    "$oid": "646a0594da0b8e34ca487e8f"
  },
  "orderDate": "9/19/2022",
  "customer_id": "3851681886"
},{
  "_id": {
    "$oid": "646a0594da0b8e34ca487e90"
  },
  "orderDate": "5/7/2023",
  "customer_id": "6702220456"
},{
  "_id": {
    "$oid": "646a0594da0b8e34ca487e91"
  },
  "orderDate": "11/19/2021",
  "customer_id": "0360019684"
},{
  "_id": {
    "$oid": "646a0594da0b8e34ca487e92"
  },
  "orderDate": "9/18/2022",
  "customer_id": "1431555223"
},{
  "_id": {
    "$oid": "646a0594da0b8e34ca487e93"
  },
  "orderDate": "5/10/2023",
  "customer_id": "7178433078"
},{
  "_id": {
    "$oid": "646a0594da0b8e34ca487e94"
  },
  "orderDate": "11/19/2022",
  "customer_id": "2308856955"
},{
  "_id": {
    "$oid": "646a0594da0b8e34ca487e95"
  },
  "orderDate": "12/13/2021",
  "customer_id": "3855782059"
},{
  "_id": {
    "$oid": "646a0594da0b8e34ca487e96"
  },
  "orderDate": "10/3/2022",
  "customer_id": "5735669443"
},{
  "_id": {
    "$oid": "646a0594da0b8e34ca487e97"
  },
  "orderDate": "2/20/2023",
  "customer_id": "1759232831"
},{
  "_id": {
    "$oid": "646a0594da0b8e34ca487e98"
  },
  "orderDate": "3/8/2022",
  "customer_id": "8821010228"
},{
  "_id": {
    "$oid": "646a0594da0b8e34ca487e99"
  },
  "orderDate": "7/26/2022",
  "customer_id": "1497819601"
},{
  "_id": {
    "$oid": "646a0594da0b8e34ca487e9a"
  },
  "orderDate": "5/1/2022",
  "customer_id": "0157178501"
},{
  "_id": {
    "$oid": "646a0594da0b8e34ca487e9b"
  },
  "orderDate": "5/17/2022",
  "customer_id": "9583994359"
},{
  "_id": {
    "$oid": "646a0594da0b8e34ca487e9c"
  },
  "orderDate": "11/13/2021",
  "customer_id": "0140289569"
},{
  "_id": {
    "$oid": "646a0594da0b8e34ca487e9d"
  },
  "orderDate": "12/6/2021",
  "customer_id": "2659025908"
},{
  "_id": {
    "$oid": "646a0594da0b8e34ca487e9e"
  },
  "orderDate": "12/6/2021",
  "customer_id": "9960113434"
},{
  "_id": {
    "$oid": "646a0594da0b8e34ca487e9f"
  },
  "orderDate": "3/15/2023",
  "customer_id": "9354723144"
},{
  "_id": {
    "$oid": "646a0594da0b8e34ca487ea0"
  },
  "orderDate": "11/27/2022",
  "customer_id": "9479641801"
},{
  "_id": {
    "$oid": "646a0594da0b8e34ca487ea1"
  },
  "orderDate": "8/8/2022",
  "customer_id": "5645731034"
},{
  "_id": {
    "$oid": "646a0594da0b8e34ca487ea2"
  },
  "orderDate": "4/4/2022",
  "customer_id": "8723510323"
},{
  "_id": {
    "$oid": "646a0594da0b8e34ca487ea3"
  },
  "orderDate": "6/2/2022",
  "customer_id": "2210197791"
},{
  "_id": {
    "$oid": "646a0594da0b8e34ca487ea4"
  },
  "orderDate": "12/10/2022",
  "customer_id": "0618176144"
},{
  "_id": {
    "$oid": "646a0594da0b8e34ca487ea5"
  },
  "orderDate": "6/24/2022",
  "customer_id": "6648290242"
},{
  "_id": {
    "$oid": "646a0594da0b8e34ca487ea6"
  },
  "orderDate": "3/28/2023",
  "customer_id": "9843216040"
},{
  "_id": {
    "$oid": "646a0594da0b8e34ca487ea7"
  },
  "orderDate": "10/6/2022",
  "customer_id": "5128740315"
},{
  "_id": {
    "$oid": "646a0594da0b8e34ca487ea8"
  },
  "orderDate": "10/13/2021",
  "customer_id": "7264629821"
},{
  "_id": {
    "$oid": "646a0594da0b8e34ca487ea9"
  },
  "orderDate": "6/30/2022",
  "customer_id": "3993976479"
},{
  "_id": {
    "$oid": "646a0594da0b8e34ca487eaa"
  },
  "orderDate": "3/25/2023",
  "customer_id": "3829162456"
},{
  "_id": {
    "$oid": "646a0594da0b8e34ca487eab"
  },
  "orderDate": "7/11/2022",
  "customer_id": "4412558770"
},{
  "_id": {
    "$oid": "646a0594da0b8e34ca487eac"
  },
  "orderDate": "1/23/2023",
  "customer_id": "5068909009"
},{
  "_id": {
    "$oid": "646a0594da0b8e34ca487ead"
  },
  "orderDate": "2/1/2022",
  "customer_id": "6343143416"
},{
  "_id": {
    "$oid": "646a0594da0b8e34ca487eae"
  },
  "orderDate": "3/31/2023",
  "customer_id": "1303519895"
}]