[{
  "_id": {
    "$oid": "646a20acda0b8e34ca487eb0"
  },
  "name": "Ariadne",
  "address": "143 Mayfield Pass",
  "email": "apitrelli0@artisteer.com",
  "phoneNumber": "+212-700-310-0247"
},{
  "_id": {
    "$oid": "646a20acda0b8e34ca487eb1"
  },
  "name": "Kalil",
  "address": "7 Arkansas Road",
  "email": "kkidner1@example.com",
  "phoneNumber": "+880-461-503-3513"
},{
  "_id": {
    "$oid": "646a20acda0b8e34ca487eb2"
  },
  "name": "Jean",
  "address": "8 Holmberg Plaza",
  "email": "jgunny2@fotki.com",
  "phoneNumber": "+502-569-673-3761"
},{
  "_id": {
    "$oid": "646a20acda0b8e34ca487eb3"
  },
  "name": "Glynn",
  "address": "631 Forest Run Crossing",
  "email": "gavrasin3@narod.ru",
  "phoneNumber": "+63-789-457-3910"
},{
  "_id": {
    "$oid": "646a20acda0b8e34ca487eb4"
  },
  "name": "Arnold",
  "address": "995 Clove Street",
  "email": "adubarry4@columbia.edu",
  "phoneNumber": "+86-602-740-1581"
},{
  "_id": {
    "$oid": "646a20acda0b8e34ca487eb5"
  },
  "name": "Evvie",
  "address": "733 Village Green Terrace",
  "email": "eantonazzi5@unesco.org",
  "phoneNumber": "+86-759-773-0143"
},{
  "_id": {
    "$oid": "646a20acda0b8e34ca487eb6"
  },
  "name": "Martha",
  "address": "7006 Brentwood Place",
  "email": "mpesik6@reverbnation.com",
  "phoneNumber": "+56-480-702-4355"
},{
  "_id": {
    "$oid": "646a20acda0b8e34ca487eb7"
  },
  "name": "Chanda",
  "address": "95 Del Mar Plaza",
  "email": "chulbert7@cbc.ca",
  "phoneNumber": "+86-334-711-0531"
},{
  "_id": {
    "$oid": "646a20acda0b8e34ca487eb8"
  },
  "name": "Lorrie",
  "address": "5 Golf Junction",
  "email": "ltait8@gizmodo.com",
  "phoneNumber": "+86-132-984-5812"
},{
  "_id": {
    "$oid": "646a20acda0b8e34ca487eb9"
  },
  "name": "Beverley",
  "address": "6 Holy Cross Center",
  "email": "btunnicliff9@huffingtonpost.com",
  "phoneNumber": "+381-343-694-0309"
},{
  "_id": {
    "$oid": "646a20acda0b8e34ca487eba"
  },
  "name": "Reba",
  "address": "03366 Aberg Street",
  "email": "ritzkovwicha@stumbleupon.com",
  "phoneNumber": "+51-697-943-6167"
},{
  "_id": {
    "$oid": "646a20acda0b8e34ca487ebb"
  },
  "name": "Rhianon",
  "address": "21947 Carioca Way",
  "email": "rhibbartb@hud.gov",
  "phoneNumber": "+63-321-716-0345"
},{
  "_id": {
    "$oid": "646a20acda0b8e34ca487ebc"
  },
  "name": "Gerti",
  "address": "54613 Utah Park",
  "email": "gmelsomc@constantcontact.com",
  "phoneNumber": "+86-190-785-8899"
},{
  "_id": {
    "$oid": "646a20acda0b8e34ca487ebd"
  },
  "name": "Bendicty",
  "address": "00 Fuller Avenue",
  "email": "bbulfordd@mediafire.com",
  "phoneNumber": "+62-160-161-9007"
},{
  "_id": {
    "$oid": "646a20acda0b8e34ca487ebe"
  },
  "name": "Glory",
  "address": "7686 Holmberg Alley",
  "email": "gclarycotte@springer.com",
  "phoneNumber": "+58-852-593-8747"
},{
  "_id": {
    "$oid": "646a20acda0b8e34ca487ebf"
  },
  "name": "Myron",
  "address": "450 Cascade Center",
  "email": "moxshottf@usa.gov",
  "phoneNumber": "+86-731-125-7099"
},{
  "_id": {
    "$oid": "646a20acda0b8e34ca487ec0"
  },
  "name": "Truman",
  "address": "9 Harper Drive",
  "email": "tvaudreyg@macromedia.com",
  "phoneNumber": "+55-700-437-7988"
},{
  "_id": {
    "$oid": "646a20acda0b8e34ca487ec1"
  },
  "name": "Griz",
  "address": "3367 Lakeland Center",
  "email": "gbeeresh@feedburner.com",
  "phoneNumber": "+86-427-254-0065"
},{
  "_id": {
    "$oid": "646a20acda0b8e34ca487ec2"
  },
  "name": "Germaine",
  "address": "05280 Thierer Park",
  "email": "gburressi@cam.ac.uk",
  "phoneNumber": "+62-258-759-6619"
},{
  "_id": {
    "$oid": "646a20acda0b8e34ca487ec3"
  },
  "name": "Bard",
  "address": "41 Lunder Plaza",
  "email": "bshreevej@canalblog.com",
  "phoneNumber": "+56-921-721-3565"
},{
  "_id": {
    "$oid": "646a20acda0b8e34ca487ec4"
  },
  "name": "Richie",
  "address": "91 Esker Junction",
  "email": "rcawthronk@alexa.com",
  "phoneNumber": "+33-321-611-0622"
},{
  "_id": {
    "$oid": "646a20acda0b8e34ca487ec5"
  },
  "name": "Saxon",
  "address": "15 Heffernan Way",
  "email": "spinkneyl@huffingtonpost.com",
  "phoneNumber": "+86-720-264-5145"
},{
  "_id": {
    "$oid": "646a20acda0b8e34ca487ec6"
  },
  "name": "Gretna",
  "address": "65 Grover Place",
  "email": "ghardmanm@nature.com",
  "phoneNumber": "+51-314-697-4933"
},{
  "_id": {
    "$oid": "646a20acda0b8e34ca487ec7"
  },
  "name": "Lonnie",
  "address": "800 Ludington Terrace",
  "email": "lcreebern@discuz.net",
  "phoneNumber": "+1-202-548-6978"
},{
  "_id": {
    "$oid": "646a20acda0b8e34ca487ec8"
  },
  "name": "Chrissie",
  "address": "281 Jana Parkway",
  "email": "cthornhamo@geocities.com",
  "phoneNumber": "+62-420-796-4577"
},{
  "_id": {
    "$oid": "646a20acda0b8e34ca487ec9"
  },
  "name": "Tadeas",
  "address": "53226 Fair Oaks Way",
  "email": "tvandrillp@t.co",
  "phoneNumber": "+48-208-128-1293"
},{
  "_id": {
    "$oid": "646a20acda0b8e34ca487eca"
  },
  "name": "Kevan",
  "address": "4 Sugar Trail",
  "email": "ktrailq@jigsy.com",
  "phoneNumber": "+86-515-409-5471"
},{
  "_id": {
    "$oid": "646a20acda0b8e34ca487ecb"
  },
  "name": "Hazlett",
  "address": "176 Golf Lane",
  "email": "hbrenardr@miitbeian.gov.cn",
  "phoneNumber": "+358-395-839-4822"
},{
  "_id": {
    "$oid": "646a20acda0b8e34ca487ecc"
  },
  "name": "Corly",
  "address": "71162 Reindahl Drive",
  "email": "civanetss@webnode.com",
  "phoneNumber": "+351-993-493-5377"
},{
  "_id": {
    "$oid": "646a20acda0b8e34ca487ecd"
  },
  "name": "Peggy",
  "address": "7009 Sunfield Center",
  "email": "pmazzeyt@sfgate.com",
  "phoneNumber": "+62-148-341-2065"
},{
  "_id": {
    "$oid": "646a20acda0b8e34ca487ece"
  },
  "name": "Clare",
  "address": "7043 Longview Place",
  "email": "cmackartanu@dedecms.com",
  "phoneNumber": "+86-752-577-8947"
},{
  "_id": {
    "$oid": "646a20acda0b8e34ca487ecf"
  },
  "name": "Fee",
  "address": "111 Merrick Lane",
  "email": "fblawv@gmpg.org",
  "phoneNumber": "+86-238-129-2661"
},{
  "_id": {
    "$oid": "646a20acda0b8e34ca487ed0"
  },
  "name": "Tarrance",
  "address": "8382 Oriole Alley",
  "email": "tcollicottw@livejournal.com",
  "phoneNumber": "+51-499-337-5918"
},{
  "_id": {
    "$oid": "646a20acda0b8e34ca487ed1"
  },
  "name": "Peder",
  "address": "9521 Mayer Lane",
  "email": "pahmedx@cnbc.com",
  "phoneNumber": "+502-138-809-6093"
},{
  "_id": {
    "$oid": "646a20acda0b8e34ca487ed2"
  },
  "name": "Justinian",
  "address": "7870 Dryden Road",
  "email": "jtankiny@zimbio.com",
  "phoneNumber": "+98-716-245-0618"
},{
  "_id": {
    "$oid": "646a20acda0b8e34ca487ed3"
  },
  "name": "Odelia",
  "address": "0 Miller Point",
  "email": "orickassez@sourceforge.net",
  "phoneNumber": "+62-657-728-3991"
},{
  "_id": {
    "$oid": "646a20acda0b8e34ca487ed4"
  },
  "name": "Mitchael",
  "address": "6 Hollow Ridge Trail",
  "email": "mhurworth10@e-recht24.de",
  "phoneNumber": "+63-814-142-9673"
},{
  "_id": {
    "$oid": "646a20acda0b8e34ca487ed5"
  },
  "name": "Mommy",
  "address": "53 Stephen Way",
  "email": "mnisuis11@independent.co.uk",
  "phoneNumber": "+48-514-625-4021"
},{
  "_id": {
    "$oid": "646a20acda0b8e34ca487ed6"
  },
  "name": "Tanhya",
  "address": "64 Victoria Lane",
  "email": "tmatessian12@nifty.com",
  "phoneNumber": "+86-629-686-5501"
},{
  "_id": {
    "$oid": "646a20acda0b8e34ca487ed7"
  },
  "name": "Goddard",
  "address": "3961 Darwin Pass",
  "email": "gmccrudden13@studiopress.com",
  "phoneNumber": "+49-628-765-3858"
},{
  "_id": {
    "$oid": "646a20acda0b8e34ca487ed8"
  },
  "name": "Carree",
  "address": "86 Anderson Place",
  "email": "cpointin14@dailymotion.com",
  "phoneNumber": "+63-266-872-7957"
},{
  "_id": {
    "$oid": "646a20acda0b8e34ca487ed9"
  },
  "name": "Edouard",
  "address": "3830 Thackeray Crossing",
  "email": "eprangnell15@bandcamp.com",
  "phoneNumber": "+48-636-181-6376"
},{
  "_id": {
    "$oid": "646a20acda0b8e34ca487eda"
  },
  "name": "Alyda",
  "address": "04 Eastlawn Alley",
  "email": "ahucknall16@t.co",
  "phoneNumber": "+351-894-599-7651"
},{
  "_id": {
    "$oid": "646a20acda0b8e34ca487edb"
  },
  "name": "Quintana",
  "address": "4490 Briar Crest Crossing",
  "email": "qbakes17@parallels.com",
  "phoneNumber": "+54-435-282-9311"
},{
  "_id": {
    "$oid": "646a20acda0b8e34ca487edc"
  },
  "name": "Derrek",
  "address": "31 Pankratz Parkway",
  "email": "dgatward18@archive.org",
  "phoneNumber": "+54-260-368-5749"
},{
  "_id": {
    "$oid": "646a20acda0b8e34ca487edd"
  },
  "name": "Saxon",
  "address": "2965 Katie Drive",
  "email": "sellershaw19@twitter.com",
  "phoneNumber": "+86-490-778-6890"
},{
  "_id": {
    "$oid": "646a20acda0b8e34ca487ede"
  },
  "name": "Willyt",
  "address": "99529 Glendale Way",
  "email": "whewes1a@ameblo.jp",
  "phoneNumber": "+86-823-920-3651"
},{
  "_id": {
    "$oid": "646a20acda0b8e34ca487edf"
  },
  "name": "Dyna",
  "address": "230 Surrey Trail",
  "email": "dgreet1b@gravatar.com",
  "phoneNumber": "+62-687-640-7681"
},{
  "_id": {
    "$oid": "646a20acda0b8e34ca487ee0"
  },
  "name": "Elena",
  "address": "00 Parkside Court",
  "email": "epaolacci1c@godaddy.com",
  "phoneNumber": "+355-640-862-3463"
},{
  "_id": {
    "$oid": "646a20acda0b8e34ca487ee1"
  },
  "name": "Evyn",
  "address": "01 Lunder Hill",
  "email": "efarr1d@shutterfly.com",
  "phoneNumber": "+971-174-974-7540"
},{
  "_id": {
    "$oid": "646a20acda0b8e34ca487ee2"
  },
  "name": "Ferris",
  "address": "30173 Wayridge Trail",
  "email": "fvinten1e@ocn.ne.jp",
  "phoneNumber": "+86-626-977-3607"
},{
  "_id": {
    "$oid": "646a20acda0b8e34ca487ee3"
  },
  "name": "Krystle",
  "address": "5 Westridge Park",
  "email": "kconnelly1f@g.co",
  "phoneNumber": "+234-736-783-1316"
},{
  "_id": {
    "$oid": "646a20acda0b8e34ca487ee4"
  },
  "name": "Celle",
  "address": "54 Almo Trail",
  "email": "cbleyman1g@deviantart.com",
  "phoneNumber": "+86-817-965-4950"
},{
  "_id": {
    "$oid": "646a20acda0b8e34ca487ee5"
  },
  "name": "Aurie",
  "address": "3 Northfield Plaza",
  "email": "aegarr1h@php.net",
  "phoneNumber": "+63-516-662-7681"
},{
  "_id": {
    "$oid": "646a20acda0b8e34ca487ee6"
  },
  "name": "Esta",
  "address": "90625 Beilfuss Lane",
  "email": "eberni1i@washington.edu",
  "phoneNumber": "+46-433-974-3663"
},{
  "_id": {
    "$oid": "646a20acda0b8e34ca487ee7"
  },
  "name": "Sander",
  "address": "84 Badeau Center",
  "email": "shullot1j@dailymotion.com",
  "phoneNumber": "+55-282-363-1236"
},{
  "_id": {
    "$oid": "646a20acda0b8e34ca487ee8"
  },
  "name": "Gloriana",
  "address": "94693 Vermont Lane",
  "email": "grobertsson1k@msn.com",
  "phoneNumber": "+86-351-464-3534"
},{
  "_id": {
    "$oid": "646a20acda0b8e34ca487ee9"
  },
  "name": "Gunilla",
  "address": "2670 Havey Terrace",
  "email": "glindner1l@webs.com",
  "phoneNumber": "+84-691-424-7660"
},{
  "_id": {
    "$oid": "646a20acda0b8e34ca487eea"
  },
  "name": "Abbot",
  "address": "4154 Forster Drive",
  "email": "aseagrove1m@smh.com.au",
  "phoneNumber": "+7-993-310-2226"
},{
  "_id": {
    "$oid": "646a20acda0b8e34ca487eeb"
  },
  "name": "Tomasina",
  "address": "52063 Banding Park",
  "email": "tprinn1n@instagram.com",
  "phoneNumber": "+86-921-269-4487"
},{
  "_id": {
    "$oid": "646a20acda0b8e34ca487eec"
  },
  "name": "Lenna",
  "address": "87 Forster Terrace",
  "email": "llotte1o@pcworld.com",
  "phoneNumber": "+86-223-564-5265"
},{
  "_id": {
    "$oid": "646a20acda0b8e34ca487eed"
  },
  "name": "Sybyl",
  "address": "39 Mcbride Park",
  "email": "strevan1p@123-reg.co.uk",
  "phoneNumber": "+55-368-215-7071"
},{
  "_id": {
    "$oid": "646a20acda0b8e34ca487eee"
  },
  "name": "Dunc",
  "address": "72990 1st Center",
  "email": "dkondrat1q@discovery.com",
  "phoneNumber": "+355-507-387-2896"
},{
  "_id": {
    "$oid": "646a20acda0b8e34ca487eef"
  },
  "name": "Ealasaid",
  "address": "80456 Butterfield Parkway",
  "email": "eebben1r@360.cn",
  "phoneNumber": "+7-810-477-2981"
},{
  "_id": {
    "$oid": "646a20acda0b8e34ca487ef0"
  },
  "name": "Kamila",
  "address": "009 Waywood Center",
  "email": "ksimonato1s@dmoz.org",
  "phoneNumber": "+86-916-487-3486"
},{
  "_id": {
    "$oid": "646a20acda0b8e34ca487ef1"
  },
  "name": "Christoforo",
  "address": "27 Beilfuss Point",
  "email": "cprendergast1t@nps.gov",
  "phoneNumber": "+880-945-748-4820"
},{
  "_id": {
    "$oid": "646a20acda0b8e34ca487ef2"
  },
  "name": "Josee",
  "address": "1 Rockefeller Park",
  "email": "jstonefewings1u@google.co.uk",
  "phoneNumber": "+385-694-322-4739"
},{
  "_id": {
    "$oid": "646a20acda0b8e34ca487ef3"
  },
  "name": "Carney",
  "address": "45 Mcguire Point",
  "email": "cbarlass1v@biglobe.ne.jp",
  "phoneNumber": "+86-821-413-7845"
},{
  "_id": {
    "$oid": "646a20acda0b8e34ca487ef4"
  },
  "name": "Iorgos",
  "address": "803 Knutson Park",
  "email": "icamilleri1w@abc.net.au",
  "phoneNumber": "+86-814-821-3132"
},{
  "_id": {
    "$oid": "646a20acda0b8e34ca487ef5"
  },
  "name": "Gabrielle",
  "address": "916 Emmet Court",
  "email": "gtraise1x@tinypic.com",
  "phoneNumber": "+386-945-307-2599"
},{
  "_id": {
    "$oid": "646a20acda0b8e34ca487ef6"
  },
  "name": "Dodie",
  "address": "6 Dwight Place",
  "email": "dsuttill1y@blog.com",
  "phoneNumber": "+502-287-200-2212"
},{
  "_id": {
    "$oid": "646a20acda0b8e34ca487ef7"
  },
  "name": "Gael",
  "address": "7326 Hanover Hill",
  "email": "goldershaw1z@phoca.cz",
  "phoneNumber": "+81-805-484-0960"
},{
  "_id": {
    "$oid": "646a20acda0b8e34ca487ef8"
  },
  "name": "Valeria",
  "address": "087 Sheridan Point",
  "email": "vlehr20@nbcnews.com",
  "phoneNumber": "+380-837-992-7010"
},{
  "_id": {
    "$oid": "646a20acda0b8e34ca487ef9"
  },
  "name": "Mendie",
  "address": "5 Del Sol Parkway",
  "email": "mgorvin21@tinyurl.com",
  "phoneNumber": "+86-134-103-0991"
},{
  "_id": {
    "$oid": "646a20acda0b8e34ca487efa"
  },
  "name": "Blanca",
  "address": "07456 Maryland Avenue",
  "email": "bbusfield22@parallels.com",
  "phoneNumber": "+33-166-169-6755"
},{
  "_id": {
    "$oid": "646a20acda0b8e34ca487efb"
  },
  "name": "Dolly",
  "address": "43 Lakeland Crossing",
  "email": "dcrownshaw23@delicious.com",
  "phoneNumber": "+351-502-482-5811"
},{
  "_id": {
    "$oid": "646a20acda0b8e34ca487efc"
  },
  "name": "Ewart",
  "address": "2 Lotheville Circle",
  "email": "ewhaites24@printfriendly.com",
  "phoneNumber": "+86-183-792-7333"
},{
  "_id": {
    "$oid": "646a20acda0b8e34ca487efd"
  },
  "name": "Georgeanna",
  "address": "89 Blackbird Parkway",
  "email": "gleuren25@123-reg.co.uk",
  "phoneNumber": "+86-145-220-2473"
},{
  "_id": {
    "$oid": "646a20acda0b8e34ca487efe"
  },
  "name": "Rolph",
  "address": "194 Miller Point",
  "email": "rsunshine26@weather.com",
  "phoneNumber": "+47-893-143-1132"
},{
  "_id": {
    "$oid": "646a20acda0b8e34ca487eff"
  },
  "name": "Gonzales",
  "address": "93 North Drive",
  "email": "ghobben27@yahoo.co.jp",
  "phoneNumber": "+46-628-224-4282"
},{
  "_id": {
    "$oid": "646a20acda0b8e34ca487f00"
  },
  "name": "Gabbey",
  "address": "248 Del Sol Crossing",
  "email": "ggentiry28@usgs.gov",
  "phoneNumber": "+32-871-758-3011"
},{
  "_id": {
    "$oid": "646a20acda0b8e34ca487f01"
  },
  "name": "Marcello",
  "address": "13653 Muir Point",
  "email": "moscully29@skyrock.com",
  "phoneNumber": "+86-759-572-6573"
},{
  "_id": {
    "$oid": "646a20acda0b8e34ca487f02"
  },
  "name": "Hannah",
  "address": "87719 Mosinee Street",
  "email": "hmatysik2a@reference.com",
  "phoneNumber": "+62-581-792-2328"
},{
  "_id": {
    "$oid": "646a20acda0b8e34ca487f03"
  },
  "name": "Cully",
  "address": "7618 Hoard Parkway",
  "email": "cdummett2b@time.com",
  "phoneNumber": "+374-578-278-7425"
},{
  "_id": {
    "$oid": "646a20acda0b8e34ca487f04"
  },
  "name": "Terri",
  "address": "78178 Nevada Pass",
  "email": "tlarciere2c@dailymail.co.uk",
  "phoneNumber": "+86-896-941-0648"
},{
  "_id": {
    "$oid": "646a20acda0b8e34ca487f05"
  },
  "name": "Audre",
  "address": "83100 Loeprich Terrace",
  "email": "aandrault2d@barnesandnoble.com",
  "phoneNumber": "+57-186-919-6236"
},{
  "_id": {
    "$oid": "646a20acda0b8e34ca487f06"
  },
  "name": "Aime",
  "address": "2312 Merrick Park",
  "email": "avollam2e@guardian.co.uk",
  "phoneNumber": "+86-221-473-4012"
},{
  "_id": {
    "$oid": "646a20acda0b8e34ca487f07"
  },
  "name": "Benetta",
  "address": "06841 Hanson Court",
  "email": "bheminsley2f@oracle.com",
  "phoneNumber": "+86-473-211-1231"
},{
  "_id": {
    "$oid": "646a20acda0b8e34ca487f08"
  },
  "name": "Arri",
  "address": "08 Cherokee Pass",
  "email": "agarland2g@blinklist.com",
  "phoneNumber": "+7-112-679-4712"
},{
  "_id": {
    "$oid": "646a20acda0b8e34ca487f09"
  },
  "name": "Gearalt",
  "address": "3 Melody Parkway",
  "email": "gsemarke2h@barnesandnoble.com",
  "phoneNumber": "+62-998-408-3116"
},{
  "_id": {
    "$oid": "646a20acda0b8e34ca487f0a"
  },
  "name": "Rikki",
  "address": "2 Reindahl Way",
  "email": "rfreestone2i@abc.net.au",
  "phoneNumber": "+420-470-786-0125"
},{
  "_id": {
    "$oid": "646a20acda0b8e34ca487f0b"
  },
  "name": "Lissie",
  "address": "1 Lakewood Gardens Park",
  "email": "lblader2j@fema.gov",
  "phoneNumber": "+358-359-186-0676"
},{
  "_id": {
    "$oid": "646a20acda0b8e34ca487f0c"
  },
  "name": "Nada",
  "address": "5 Marcy Plaza",
  "email": "nmccarrick2k@e-recht24.de",
  "phoneNumber": "+7-587-548-3646"
},{
  "_id": {
    "$oid": "646a20acda0b8e34ca487f0d"
  },
  "name": "Delphinia",
  "address": "3252 Lawn Center",
  "email": "dbaldi2l@github.io",
  "phoneNumber": "+358-702-664-6316"
},{
  "_id": {
    "$oid": "646a20acda0b8e34ca487f0e"
  },
  "name": "Fionnula",
  "address": "6235 Nelson Circle",
  "email": "fbrisse2m@ow.ly",
  "phoneNumber": "+31-601-197-3841"
},{
  "_id": {
    "$oid": "646a20acda0b8e34ca487f0f"
  },
  "name": "Janela",
  "address": "9 Donald Street",
  "email": "jteasell2n@tripadvisor.com",
  "phoneNumber": "+33-190-308-1922"
},{
  "_id": {
    "$oid": "646a20acda0b8e34ca487f10"
  },
  "name": "Albert",
  "address": "53161 Nobel Junction",
  "email": "amcgruar2o@phoca.cz",
  "phoneNumber": "+504-796-796-0681"
},{
  "_id": {
    "$oid": "646a20acda0b8e34ca487f11"
  },
  "name": "Walden",
  "address": "353 Summerview Plaza",
  "email": "wanstie2p@shinystat.com",
  "phoneNumber": "+30-477-645-2492"
},{
  "_id": {
    "$oid": "646a20acda0b8e34ca487f12"
  },
  "name": "Virgina",
  "address": "67 Nevada Lane",
  "email": "vpaylie2q@123-reg.co.uk",
  "phoneNumber": "+7-440-321-9353"
},{
  "_id": {
    "$oid": "646a20acda0b8e34ca487f13"
  },
  "name": "Sidnee",
  "address": "7 Judy Avenue",
  "email": "svarden2r@skyrock.com",
  "phoneNumber": "+62-164-101-0292"
}]