[{
  "_id": {
    "$oid": "646a234eda0b8e34ca487f17"
  },
  "text": "Upgradable radical algorithm",
  "rating": 4,
  "book_id": "5285465761",
  "customer_id": {
    "$oid": "6469eb14da0b8e34ca487d93"
  }
},{
  "_id": {
    "$oid": "646a234eda0b8e34ca487f18"
  },
  "text": "Networked tertiary database",
  "rating": 10,
  "book_id": "6732914774",
  "customer_id": {
    "$oid": "6469eb14da0b8e34ca487d94"
  }
},{
  "_id": {
    "$oid": "646a234eda0b8e34ca487f19"
  },
  "text": "Cloned optimal customer loyalty",
  "rating": 4,
  "book_id": "0925407615",
  "customer_id": {
    "$oid": "646a4eb303ff5ea54b94963e"
  }
},{
  "_id": {
    "$oid": "646a234eda0b8e34ca487f1a"
  },
  "text": "Re-engineered upward-trending project",
  "rating": 3,
  "book_id": "1801931151",
  "customer_id": {
    "$oid": "646a4eb303ff5ea54b94963e"
  }
},{
  "_id": {
    "$oid": "646a234eda0b8e34ca487f1b"
  },
  "text": "Sharable actuating open architecture",
  "rating": 7,
  "book_id": "9727127738",
  "customer_id": {
    "$oid": "646a4eb303ff5ea54b94963e"
  }
},{
  "_id": {
    "$oid": "646a234eda0b8e34ca487f1c"
  },
  "text": "Future-proofed optimal function",
  "rating": 9,
  "book_id": "9910952181",
  "customer_id": {
    "$oid": "646a4eb303ff5ea54b94963e"
  }
},{
  "_id": {
    "$oid": "646a234eda0b8e34ca487f1d"
  },
  "text": "Vision-oriented reciprocal info-mediaries",
  "rating": 1,
  "book_id": "2052552413",
  "customer_id": {
    "$oid": "646a4eb303ff5ea54b94963e"
  }
},{
  "_id": {
    "$oid": "646a234eda0b8e34ca487f1e"
  },
  "text": "Networked composite superstructure",
  "rating": 3,
  "book_id": "6062123225",
  "customer_id": {
    "$oid": "646a4eb303ff5ea54b94963e"
  }
},{
  "_id": {
    "$oid": "646a234eda0b8e34ca487f1f"
  },
  "text": "Stand-alone value-added adapter",
  "rating": 8,
  "book_id": "4261149338",
  "customer_id": {
    "$oid": "646a4eb303ff5ea54b94963e"
  }
},{
  "_id": {
    "$oid": "646a234eda0b8e34ca487f20"
  },
  "text": "Object-based local productivity",
  "rating": 9,
  "book_id": "9019191829",
  "customer_id": {
    "$oid": "646a4eb303ff5ea54b94963e"
  }
},{
  "_id": {
    "$oid": "646a234eda0b8e34ca487f21"
  },
  "text": "Managed eco-centric structure",
  "rating": 6,
  "book_id": "7324296769",
  "customer_id": {
    "$oid": "646a4eb303ff5ea54b94963e"
  }
},{
  "_id": {
    "$oid": "646a234eda0b8e34ca487f22"
  },
  "text": "Object-based system-worthy software",
  "rating": 5,
  "book_id": {
    "$oid": "646a2d60da0b8e34ca487fed"
  },
  "customer_id": {
    "$oid": "646a4eb303ff5ea54b94963e"
  }
},{
  "_id": {
    "$oid": "646a234eda0b8e34ca487f23"
  },
  "text": "Team-oriented well-modulated framework",
  "rating": 5,
  "book_id": "8091933975",
  "customer_id": {
    "$oid": "646a4eb303ff5ea54b94963e"
  }
},{
  "_id": {
    "$oid": "646a234eda0b8e34ca487f24"
  },
  "text": "Progressive impactful alliance",
  "rating": 10,
  "book_id": {
    "$oid": "646a2d60da0b8e34ca487ff3"
  },
  "customer_id": {
    "$oid": "646a4eb303ff5ea54b94963e"
  }
},{
  "_id": {
    "$oid": "646a234eda0b8e34ca487f25"
  },
  "text": "Profit-focused even-keeled algorithm",
  "rating": 5,
  "book_id": "5055492481",
  "customer_id": {
    "$oid": "646a4eb303ff5ea54b94963e"
  }
},{
  "_id": {
    "$oid": "646a234eda0b8e34ca487f26"
  },
  "text": "Sharable responsive process improvement",
  "rating": 2,
  "book_id": {
    "$oid": "646a2d60da0b8e34ca487ff3"
  },
  "customer_id": {
    "$oid": "646a4eb303ff5ea54b94963e"
  }
},{
  "_id": {
    "$oid": "646a234eda0b8e34ca487f27"
  },
  "text": "Vision-oriented solution-oriented extranet",
  "rating": 9,
  "book_id": {
    "$oid": "646a2d60da0b8e34ca487fed"
  },
  "customer_id": {
    "$oid": "646a4eb303ff5ea54b94963e"
  }
},{
  "_id": {
    "$oid": "646a234eda0b8e34ca487f28"
  },
  "text": "Up-sized incremental info-mediaries",
  "rating": 9,
  "book_id": {
    "$oid": "646a2d60da0b8e34ca487ff7"
  },
  "customer_id": {
    "$oid": "646a4eb303ff5ea54b94963e"
  }
},{
  "_id": {
    "$oid": "646a234eda0b8e34ca487f29"
  },
  "text": "Multi-layered multi-state array",
  "rating": 7,
  "book_id": {
    "$oid": "646a2d60da0b8e34ca487fed"
  },
  "customer_id": {
    "$oid": "646a4eb303ff5ea54b94963e"
  }
},{
  "_id": {
    "$oid": "646a234eda0b8e34ca487f2a"
  },
  "text": "Digitized intangible ability",
  "rating": 5,
  "book_id": {
    "$oid": "646a2d60da0b8e34ca487ff8"
  },
  "customer_id": {
    "$oid": "6469eb14da0b8e34ca487d82"
  }
},{
  "_id": {
    "$oid": "646a234eda0b8e34ca487f2b"
  },
  "text": "Reverse-engineered dynamic matrices",
  "rating": 6,
  "book_id": "3653861950",
  "customer_id": {
    "$oid": "646a4eb303ff5ea54b94963e"
  }
},{
  "_id": {
    "$oid": "646a234eda0b8e34ca487f2c"
  },
  "text": "Profound upward-trending installation",
  "rating": 3,
  "book_id": "9268432439",
  "customer_id": {
    "$oid": "646a4eb303ff5ea54b94963e"
  }
},{
  "_id": {
    "$oid": "646a234eda0b8e34ca487f2d"
  },
  "text": "Upgradable attitude-oriented neural-net",
  "rating": 2,
  "book_id": "4092829299",
  "customer_id": {
    "$oid": "646a4eb303ff5ea54b94963e"
  }
},{
  "_id": {
    "$oid": "646a234eda0b8e34ca487f2e"
  },
  "text": "Re-contextualized client-driven help-desk",
  "rating": 2,
  "book_id": "4309027741",
  "customer_id": {
    "$oid": "646a4eb303ff5ea54b94963e"
  }
},{
  "_id": {
    "$oid": "646a234eda0b8e34ca487f2f"
  },
  "text": "Programmable asynchronous architecture",
  "rating": 5,
  "book_id": "2362188450",
  "customer_id": {
    "$oid": "646a4eb303ff5ea54b94963e"
  }
},{
  "_id": {
    "$oid": "646a234eda0b8e34ca487f30"
  },
  "text": "Integrated analyzing access",
  "rating": 4,
  "book_id": "4190581860",
  "customer_id": {
    "$oid": "646a4eb303ff5ea54b94963e"
  }
},{
  "_id": {
    "$oid": "646a234eda0b8e34ca487f31"
  },
  "text": "Organized secondary productivity",
  "rating": 3,
  "book_id": "4689951640",
  "customer_id": {
    "$oid": "646a4eb303ff5ea54b94963e"
  }
},{
  "_id": {
    "$oid": "646a234eda0b8e34ca487f32"
  },
  "text": "Inverse multi-state hardware",
  "rating": 4,
  "book_id": "9828992019",
  "customer_id": {
    "$oid": "646a4eb303ff5ea54b94963e"
  }
},{
  "_id": {
    "$oid": "646a234eda0b8e34ca487f33"
  },
  "text": "Ergonomic transitional flexibility",
  "rating": 3,
  "book_id": "8807676249",
  "customer_id": {
    "$oid": "646a4eb303ff5ea54b94963e"
  }
},{
  "_id": {
    "$oid": "646a234eda0b8e34ca487f34"
  },
  "text": "Organized fault-tolerant flexibility",
  "rating": 6,
  "book_id": "6945637174",
  "customer_id": {
    "$oid": "646a4eb303ff5ea54b94963e"
  }
},{
  "_id": {
    "$oid": "646a234eda0b8e34ca487f35"
  },
  "text": "Open-architected contextually-based conglomeration",
  "rating": 1,
  "book_id": "0632843489",
  "customer_id": {
    "$oid": "646a4eb303ff5ea54b94963e"
  }
},{
  "_id": {
    "$oid": "646a234eda0b8e34ca487f36"
  },
  "text": "Re-engineered high-level process improvement",
  "rating": 3,
  "book_id": "0665076770",
  "customer_id": {
    "$oid": "646a4eb303ff5ea54b94963e"
  }
},{
  "_id": {
    "$oid": "646a234eda0b8e34ca487f37"
  },
  "text": "Visionary logistical portal",
  "rating": 2,
  "book_id": "1943167605",
  "customer_id": {
    "$oid": "646a4eb303ff5ea54b94963e"
  }
},{
  "_id": {
    "$oid": "646a234eda0b8e34ca487f38"
  },
  "text": "User-friendly 24 hour help-desk",
  "rating": 9,
  "book_id": "1087516242",
  "customer_id": {
    "$oid": "646a4eb303ff5ea54b94963e"
  }
},{
  "_id": {
    "$oid": "646a234eda0b8e34ca487f39"
  },
  "text": "Enhanced incremental monitoring",
  "rating": 4,
  "book_id": "1165520990",
  "customer_id": {
    "$oid": "646a4eb303ff5ea54b94963e"
  }
},{
  "_id": {
    "$oid": "646a234eda0b8e34ca487f3a"
  },
  "text": "Re-engineered national structure",
  "rating": 7,
  "book_id": "3932968204",
  "customer_id": {
    "$oid": "646a4eb303ff5ea54b94963e"
  }
},{
  "_id": {
    "$oid": "646a234eda0b8e34ca487f3b"
  },
  "text": "Multi-tiered full-range local area network",
  "rating": 4,
  "book_id": "1371849277",
  "customer_id": {
    "$oid": "646a4eb303ff5ea54b94963e"
  }
},{
  "_id": {
    "$oid": "646a234eda0b8e34ca487f3c"
  },
  "text": "Ergonomic composite time-frame",
  "rating": 10,
  "book_id": "1186937653",
  "customer_id": {
    "$oid": "6469eb14da0b8e34ca487d82"
  }
},{
  "_id": {
    "$oid": "646a234eda0b8e34ca487f3d"
  },
  "text": "Synergistic neutral help-desk",
  "rating": 6,
  "book_id": "2382561408",
  "customer_id": {
    "$oid": "646a4eb303ff5ea54b94963e"
  }
},{
  "_id": {
    "$oid": "646a234eda0b8e34ca487f3e"
  },
  "text": "Multi-layered coherent secured line",
  "rating": 8,
  "book_id": "5073371380",
  "customer_id": {
    "$oid": "6469eb14da0b8e34ca487d84"
  }
},{
  "_id": {
    "$oid": "646a234eda0b8e34ca487f3f"
  },
  "text": "Horizontal 4th generation task-force",
  "rating": 8,
  "book_id": "8656016814",
  "customer_id": {
    "$oid": "646a4eb303ff5ea54b94963e"
  }
},{
  "_id": {
    "$oid": "646a234eda0b8e34ca487f40"
  },
  "text": "Virtual incremental synergy",
  "rating": 2,
  "book_id": "3100137787",
  "customer_id": {
    "$oid": "646a4eb303ff5ea54b94963e"
  }
},{
  "_id": {
    "$oid": "646a234eda0b8e34ca487f41"
  },
  "text": "Compatible logistical methodology",
  "rating": 5,
  "book_id": "9140055892",
  "customer_id": {
    "$oid": "6469eb14da0b8e34ca487d87"
  }
},{
  "_id": {
    "$oid": "646a234eda0b8e34ca487f42"
  },
  "text": "Persistent full-range internet solution",
  "rating": 6,
  "book_id": "0311375448",
  "customer_id": {
    "$oid": "646a4eb303ff5ea54b94963e"
  }
},{
  "_id": {
    "$oid": "646a234eda0b8e34ca487f43"
  },
  "text": "Vision-oriented background local area network",
  "rating": 1,
  "book_id": "5100231734",
  "customer_id": {
    "$oid": "646a4eb303ff5ea54b94963e"
  }
},{
  "_id": {
    "$oid": "646a234eda0b8e34ca487f44"
  },
  "text": "Organic uniform toolset",
  "rating": 1,
  "book_id": "3102538681",
  "customer_id": {
    "$oid": "646a4eb303ff5ea54b94963e"
  }
},{
  "_id": {
    "$oid": "646a234eda0b8e34ca487f45"
  },
  "text": "Upgradable content-based installation",
  "rating": 3,
  "book_id": "4904410920",
  "customer_id": {
    "$oid": "646a4eb303ff5ea54b94963e"
  }
},{
  "_id": {
    "$oid": "646a234eda0b8e34ca487f46"
  },
  "text": "Progressive motivating process improvement",
  "rating": 10,
  "book_id": "5959444313",
  "customer_id": {
    "$oid": "646a4eb303ff5ea54b94963e"
  }
},{
  "_id": {
    "$oid": "646a234eda0b8e34ca487f47"
  },
  "text": "Function-based modular application",
  "rating": 4,
  "book_id": "8423184153",
  "customer_id": {
    "$oid": "646a4eb303ff5ea54b94963e"
  }
},{
  "_id": {
    "$oid": "646a234eda0b8e34ca487f48"
  },
  "text": "Advanced 4th generation capacity",
  "rating": 3,
  "book_id": "4167216612",
  "customer_id": {
    "$oid": "646a4eb303ff5ea54b94963e"
  }
},{
  "_id": {
    "$oid": "646a234eda0b8e34ca487f49"
  },
  "text": "Multi-lateral systematic solution",
  "rating": 9,
  "book_id": "3786607249",
  "customer_id": {
    "$oid": "646a4eb303ff5ea54b94963e"
  }
},{
  "_id": {
    "$oid": "646a234eda0b8e34ca487f4a"
  },
  "text": "Right-sized global firmware",
  "rating": 5,
  "book_id": "3527978852",
  "customer_id": {
    "$oid": "646a4eb303ff5ea54b94963e"
  }
},{
  "_id": {
    "$oid": "646a234eda0b8e34ca487f4b"
  },
  "text": "Re-contextualized modular contingency",
  "rating": 2,
  "book_id": "1086299558",
  "customer_id": {
    "$oid": "646a4eb303ff5ea54b94963e"
  }
},{
  "_id": {
    "$oid": "646a234eda0b8e34ca487f4c"
  },
  "text": "Reactive content-based process improvement",
  "rating": 3,
  "book_id": "7237564323",
  "customer_id": {
    "$oid": "646a4eb303ff5ea54b94963e"
  }
},{
  "_id": {
    "$oid": "646a234eda0b8e34ca487f4d"
  },
  "text": "Seamless leading edge hierarchy",
  "rating": 10,
  "book_id": "4877461566",
  "customer_id": {
    "$oid": "646a4eb303ff5ea54b94963e"
  }
},{
  "_id": {
    "$oid": "646a234eda0b8e34ca487f4e"
  },
  "text": "Up-sized full-range open architecture",
  "rating": 1,
  "book_id": "2477286749",
  "customer_id": {
    "$oid": "646a4eb303ff5ea54b94963e"
  }
},{
  "_id": {
    "$oid": "646a234eda0b8e34ca487f4f"
  },
  "text": "Fundamental non-volatile intranet",
  "rating": 8,
  "book_id": "3938889071",
  "customer_id": {
    "$oid": "646a4eb303ff5ea54b94963e"
  }
},{
  "_id": {
    "$oid": "646a234eda0b8e34ca487f50"
  },
  "text": "Front-line 3rd generation contingency",
  "rating": 6,
  "book_id": "9156244665",
  "customer_id": {
    "$oid": "646a4eb303ff5ea54b94963e"
  }
},{
  "_id": {
    "$oid": "646a234eda0b8e34ca487f51"
  },
  "text": "Enterprise-wide bifurcated collaboration",
  "rating": 8,
  "book_id": "1008134236",
  "customer_id": {
    "$oid": "646a4eb303ff5ea54b94963e"
  }
},{
  "_id": {
    "$oid": "646a234eda0b8e34ca487f52"
  },
  "text": "Synchronised zero tolerance analyzer",
  "rating": 7,
  "book_id": "3012918701",
  "customer_id": {
    "$oid": "646a4eb303ff5ea54b94963e"
  }
},{
  "_id": {
    "$oid": "646a234eda0b8e34ca487f53"
  },
  "text": "Synchronised regional groupware",
  "rating": 5,
  "book_id": "2564298451",
  "customer_id": {
    "$oid": "646a4eb303ff5ea54b94963e"
  }
},{
  "_id": {
    "$oid": "646a234eda0b8e34ca487f54"
  },
  "text": "Persevering dynamic help-desk",
  "rating": 9,
  "book_id": "7377053860",
  "customer_id": {
    "$oid": "646a4eb303ff5ea54b94963e"
  }
},{
  "_id": {
    "$oid": "646a234eda0b8e34ca487f55"
  },
  "text": "Decentralized client-server utilisation",
  "rating": 9,
  "book_id": "4620854468",
  "customer_id": {
    "$oid": "646a4eb303ff5ea54b94963e"
  }
},{
  "_id": {
    "$oid": "646a234eda0b8e34ca487f56"
  },
  "text": "Fundamental object-oriented service-desk",
  "rating": 9,
  "book_id": "3797740476",
  "customer_id": {
    "$oid": "646a4eb303ff5ea54b94963e"
  }
},{
  "_id": {
    "$oid": "646a234eda0b8e34ca487f57"
  },
  "text": "Ameliorated hybrid utilisation",
  "rating": 1,
  "book_id": "4084437743",
  "customer_id": {
    "$oid": "646a4eb303ff5ea54b94963e"
  }
},{
  "_id": {
    "$oid": "646a234eda0b8e34ca487f58"
  },
  "text": "Switchable fault-tolerant structure",
  "rating": 8,
  "book_id": "7252489582",
  "customer_id": {
    "$oid": "646a4eb303ff5ea54b94963e"
  }
},{
  "_id": {
    "$oid": "646a234eda0b8e34ca487f59"
  },
  "text": "Vision-oriented impactful adapter",
  "rating": 3,
  "book_id": "8994576525",
  "customer_id": {
    "$oid": "646a4eb303ff5ea54b94963e"
  }
},{
  "_id": {
    "$oid": "646a234eda0b8e34ca487f5a"
  },
  "text": "Seamless zero defect middleware",
  "rating": 1,
  "book_id": "4877383050",
  "customer_id": {
    "$oid": "646a4eb303ff5ea54b94963e"
  }
},{
  "_id": {
    "$oid": "646a234eda0b8e34ca487f5b"
  },
  "text": "Switchable non-volatile functionalities",
  "rating": 9,
  "book_id": "4359822596",
  "customer_id": {
    "$oid": "646a4eb303ff5ea54b94963e"
  }
},{
  "_id": {
    "$oid": "646a234eda0b8e34ca487f5c"
  },
  "text": "Open-source intangible model",
  "rating": 10,
  "book_id": "2562477707",
  "customer_id": {
    "$oid": "646a4eb303ff5ea54b94963e"
  }
},{
  "_id": {
    "$oid": "646a234eda0b8e34ca487f5d"
  },
  "text": "Triple-buffered discrete project",
  "rating": 8,
  "book_id": "2263817468",
  "customer_id": {
    "$oid": "646a4eb303ff5ea54b94963e"
  }
},{
  "_id": {
    "$oid": "646a234eda0b8e34ca487f5e"
  },
  "text": "Advanced maximized local area network",
  "rating": 5,
  "book_id": "6256304136",
  "customer_id": {
    "$oid": "646a4eb303ff5ea54b94963e"
  }
},{
  "_id": {
    "$oid": "646a234eda0b8e34ca487f5f"
  },
  "text": "Open-source 5th generation policy",
  "rating": 5,
  "book_id": "2988911134",
  "customer_id": {
    "$oid": "646a4eb303ff5ea54b94963e"
  }
},{
  "_id": {
    "$oid": "646a234eda0b8e34ca487f60"
  },
  "text": "User-friendly hybrid forecast",
  "rating": 3,
  "book_id": "3537962118",
  "customer_id": {
    "$oid": "646a4eb303ff5ea54b94963e"
  }
},{
  "_id": {
    "$oid": "646a234eda0b8e34ca487f61"
  },
  "text": "Cloned regional extranet",
  "rating": 5,
  "book_id": "0192762648",
  "customer_id": {
    "$oid": "646a4eb303ff5ea54b94963e"
  }
},{
  "_id": {
    "$oid": "646a234eda0b8e34ca487f62"
  },
  "text": "Upgradable hybrid approach",
  "rating": 3,
  "book_id": "4277356737",
  "customer_id": {
    "$oid": "646a4eb303ff5ea54b94963e"
  }
},{
  "_id": {
    "$oid": "646a234eda0b8e34ca487f63"
  },
  "text": "Upgradable 5th generation paradigm",
  "rating": 1,
  "book_id": "3889137032",
  "customer_id": {
    "$oid": "646a4eb303ff5ea54b94963e"
  }
},{
  "_id": {
    "$oid": "646a234eda0b8e34ca487f64"
  },
  "text": "Phased zero tolerance knowledge user",
  "rating": 1,
  "book_id": "0819689521",
  "customer_id": {
    "$oid": "646a4eb303ff5ea54b94963e"
  }
},{
  "_id": {
    "$oid": "646a234eda0b8e34ca487f65"
  },
  "text": "Devolved actuating collaboration",
  "rating": 7,
  "book_id": "4683453436",
  "customer_id": {
    "$oid": "646a4eb303ff5ea54b94963e"
  }
},{
  "_id": {
    "$oid": "646a234eda0b8e34ca487f66"
  },
  "text": "Synergized maximized adapter",
  "rating": 9,
  "book_id": "0396845509",
  "customer_id": {
    "$oid": "646a4eb303ff5ea54b94963e"
  }
},{
  "_id": {
    "$oid": "646a234eda0b8e34ca487f67"
  },
  "text": "Vision-oriented logistical moderator",
  "rating": 2,
  "book_id": "2848858222",
  "customer_id": {
    "$oid": "646a4eb303ff5ea54b94963e"
  }
},{
  "_id": {
    "$oid": "646a234eda0b8e34ca487f68"
  },
  "text": "Implemented leading edge local area network",
  "rating": 2,
  "book_id": "6824581933",
  "customer_id": {
    "$oid": "646a4eb303ff5ea54b94963e"
  }
},{
  "_id": {
    "$oid": "646a234eda0b8e34ca487f69"
  },
  "text": "Optimized disintermediate knowledge user",
  "rating": 4,
  "book_id": "8101485015",
  "customer_id": {
    "$oid": "646a4eb303ff5ea54b94963e"
  }
},{
  "_id": {
    "$oid": "646a234eda0b8e34ca487f6a"
  },
  "text": "Organic composite approach",
  "rating": 10,
  "book_id": "2444058151",
  "customer_id": {
    "$oid": "646a4eb303ff5ea54b94963e"
  }
},{
  "_id": {
    "$oid": "646a234eda0b8e34ca487f6b"
  },
  "text": "Upgradable background internet solution",
  "rating": 6,
  "book_id": "2150867613",
  "customer_id": {
    "$oid": "646a4eb303ff5ea54b94963e"
  }
},{
  "_id": {
    "$oid": "646a234eda0b8e34ca487f6c"
  },
  "text": "Visionary cohesive data-warehouse",
  "rating": 7,
  "book_id": "6399324831",
  "customer_id": {
    "$oid": "646a4eb303ff5ea54b94963e"
  }
},{
  "_id": {
    "$oid": "646a234eda0b8e34ca487f6d"
  },
  "text": "Face to face neutral leverage",
  "rating": 5,
  "book_id": "5528334047",
  "customer_id": {
    "$oid": "646a4eb303ff5ea54b94963e"
  }
},{
  "_id": {
    "$oid": "646a234eda0b8e34ca487f6e"
  },
  "text": "Operative national emulation",
  "rating": 2,
  "book_id": "3652506243",
  "customer_id": {
    "$oid": "646a4eb303ff5ea54b94963e"
  }
},{
  "_id": {
    "$oid": "646a234eda0b8e34ca487f6f"
  },
  "text": "Ergonomic mobile internet solution",
  "rating": 7,
  "book_id": "6565324697",
  "customer_id": {
    "$oid": "646a4eb303ff5ea54b94963e"
  }
},{
  "_id": {
    "$oid": "646a234eda0b8e34ca487f70"
  },
  "text": "Upgradable executive product",
  "rating": 4,
  "book_id": "4162713715",
  "customer_id": {
    "$oid": "646a4eb303ff5ea54b94963e"
  }
},{
  "_id": {
    "$oid": "646a234eda0b8e34ca487f71"
  },
  "text": "Assimilated eco-centric initiative",
  "rating": 5,
  "book_id": "9988518625",
  "customer_id": {
    "$oid": "646a4eb303ff5ea54b94963e"
  }
},{
  "_id": {
    "$oid": "646a234eda0b8e34ca487f72"
  },
  "text": "Enhanced well-modulated matrix",
  "rating": 7,
  "book_id": "4058740507",
  "customer_id": {
    "$oid": "646a4eb303ff5ea54b94963e"
  }
},{
  "_id": {
    "$oid": "646a234eda0b8e34ca487f73"
  },
  "text": "Persevering zero defect definition",
  "rating": 2,
  "book_id": "8366923959",
  "customer_id": {
    "$oid": "646a4eb303ff5ea54b94963e"
  }
},{
  "_id": {
    "$oid": "646a234eda0b8e34ca487f74"
  },
  "text": "Vision-oriented demand-driven challenge",
  "rating": 1,
  "book_id": "0673351866",
  "customer_id": {
    "$oid": "646a4eb303ff5ea54b94963e"
  }
},{
  "_id": {
    "$oid": "646a234eda0b8e34ca487f75"
  },
  "text": "Customizable high-level knowledge base",
  "rating": 9,
  "book_id": "1651891893",
  "customer_id": {
    "$oid": "646a4eb303ff5ea54b94963e"
  }
},{
  "_id": {
    "$oid": "646a234eda0b8e34ca487f76"
  },
  "text": "Public-key disintermediate knowledge user",
  "rating": 3,
  "book_id": "5258206882",
  "customer_id": {
    "$oid": "646a4eb303ff5ea54b94963e"
  }
},{
  "_id": {
    "$oid": "646a234eda0b8e34ca487f77"
  },
  "text": "Managed dedicated pricing structure",
  "rating": 8,
  "book_id": "4236046458",
  "customer_id": {
    "$oid": "646a4eb303ff5ea54b94963e"
  }
},{
  "_id": {
    "$oid": "646a234eda0b8e34ca487f78"
  },
  "text": "Integrated context-sensitive adapter",
  "rating": 10,
  "book_id": "7147445376",
  "customer_id": {
    "$oid": "646a4eb303ff5ea54b94963e"
  }
},{
  "_id": {
    "$oid": "646a234eda0b8e34ca487f79"
  },
  "text": "Networked explicit architecture",
  "rating": 9,
  "book_id": "3690599377",
  "customer_id": {
    "$oid": "646a4eb303ff5ea54b94963e"
  }
},{
  "_id": {
    "$oid": "646a234eda0b8e34ca487f7a"
  },
  "text": "Multi-lateral analyzing throughput",
  "rating": 5,
  "book_id": "2484169736",
  "customer_id": {
    "$oid": "646a4eb303ff5ea54b94963e"
  }
}]