<?xml version="1.0"?>
<ROWSET>
 <ROW>
  <AUTHOR_ID>1</AUTHOR_ID>
  <GENDER>F</GENDER>
  <NUM_BOOKS>9</NUM_BOOKS>
  <ADDRESS>788 Roth Crossing</ADDRESS>
  <AUTHOR_NAME>Errick Stambridge</AUTHOR_NAME>
 </ROW>
 <ROW>
  <AUTHOR_ID>2</AUTHOR_ID>
  <GENDER>M</GENDER>
  <NUM_BOOKS>9</NUM_BOOKS>
  <ADDRESS>10 Atwood Crossing</ADDRESS>
  <AUTHOR_NAME>Wendye Bottle</AUTHOR_NAME>
 </ROW>
 <ROW>
  <AUTHOR_ID>3</AUTHOR_ID>
  <GENDER>M</GENDER>
  <NUM_BOOKS>6</NUM_BOOKS>
  <ADDRESS>4847 Maryland Lane</ADDRESS>
  <AUTHOR_NAME>Gualterio Ravenshear</AUTHOR_NAME>
 </ROW>
 <ROW>
  <AUTHOR_ID>4</AUTHOR_ID>
  <GENDER>M</GENDER>
  <NUM_BOOKS>4</NUM_BOOKS>
  <ADDRESS>15496 Burrows Lane</ADDRESS>
  <AUTHOR_NAME>Micky Heap</AUTHOR_NAME>
 </ROW>
 <ROW>
  <AUTHOR_ID>5</AUTHOR_ID>
  <GENDER>F</GENDER>
  <NUM_BOOKS>1</NUM_BOOKS>
  <ADDRESS>781 Bashford Street</ADDRESS>
  <AUTHOR_NAME>Calla Gilbart</AUTHOR_NAME>
 </ROW>
 <ROW>
  <AUTHOR_ID>6</AUTHOR_ID>
  <GENDER>M</GENDER>
  <NUM_BOOKS>3</NUM_BOOKS>
  <ADDRESS>39 School Park</ADDRESS>
  <AUTHOR_NAME>Adelheid Mallion</AUTHOR_NAME>
 </ROW>
 <ROW>
  <AUTHOR_ID>7</AUTHOR_ID>
  <GENDER>F</GENDER>
  <NUM_BOOKS>8</NUM_BOOKS>
  <ADDRESS>336 Coleman Court</ADDRESS>
  <AUTHOR_NAME>Jordanna Von Gladbach</AUTHOR_NAME>
 </ROW>
 <ROW>
  <AUTHOR_ID>8</AUTHOR_ID>
  <GENDER>M</GENDER>
  <NUM_BOOKS>1</NUM_BOOKS>
  <ADDRESS>40714 Fallview Hill</ADDRESS>
  <AUTHOR_NAME>Natalina Verson</AUTHOR_NAME>
 </ROW>
 <ROW>
  <AUTHOR_ID>9</AUTHOR_ID>
  <GENDER>M</GENDER>
  <NUM_BOOKS>5</NUM_BOOKS>
  <ADDRESS>776 Armistice Lane</ADDRESS>
  <AUTHOR_NAME>Ariana Habron</AUTHOR_NAME>
 </ROW>
 <ROW>
  <AUTHOR_ID>10</AUTHOR_ID>
  <GENDER>M</GENDER>
  <NUM_BOOKS>10</NUM_BOOKS>
  <ADDRESS>24021 5th Lane</ADDRESS>
  <AUTHOR_NAME>Kailey Westmoreland</AUTHOR_NAME>
 </ROW>
 <ROW>
  <AUTHOR_ID>11</AUTHOR_ID>
  <GENDER>F</GENDER>
  <NUM_BOOKS>4</NUM_BOOKS>
  <ADDRESS>284 Heffernan Hill</ADDRESS>
  <AUTHOR_NAME>Murdock Delany</AUTHOR_NAME>
 </ROW>
 <ROW>
  <AUTHOR_ID>12</AUTHOR_ID>
  <GENDER>M</GENDER>
  <NUM_BOOKS>2</NUM_BOOKS>
  <ADDRESS>01 Lawn Hill</ADDRESS>
  <AUTHOR_NAME>Arnie Arpin</AUTHOR_NAME>
 </ROW>
 <ROW>
  <AUTHOR_ID>13</AUTHOR_ID>
  <GENDER>F</GENDER>
  <NUM_BOOKS>2</NUM_BOOKS>
  <ADDRESS>3229 Delladonna Hill</ADDRESS>
  <AUTHOR_NAME>Avram Brome</AUTHOR_NAME>
 </ROW>
 <ROW>
  <AUTHOR_ID>14</AUTHOR_ID>
  <GENDER>M</GENDER>
  <NUM_BOOKS>2</NUM_BOOKS>
  <ADDRESS>377 Di Loreto Crossing</ADDRESS>
  <AUTHOR_NAME>Spence Dunley</AUTHOR_NAME>
 </ROW>
 <ROW>
  <AUTHOR_ID>15</AUTHOR_ID>
  <GENDER>M</GENDER>
  <NUM_BOOKS>10</NUM_BOOKS>
  <ADDRESS>31 Banding Alley</ADDRESS>
  <AUTHOR_NAME>Melisande Ager</AUTHOR_NAME>
 </ROW>
 <ROW>
  <AUTHOR_ID>16</AUTHOR_ID>
  <GENDER>M</GENDER>
  <NUM_BOOKS>9</NUM_BOOKS>
  <ADDRESS>9 Springview Junction</ADDRESS>
  <AUTHOR_NAME>Sigismund Gifford</AUTHOR_NAME>
 </ROW>
 <ROW>
  <AUTHOR_ID>17</AUTHOR_ID>
  <GENDER>M</GENDER>
  <NUM_BOOKS>3</NUM_BOOKS>
  <ADDRESS>816 Texas Pass</ADDRESS>
  <AUTHOR_NAME>Obadias Pickance</AUTHOR_NAME>
 </ROW>
 <ROW>
  <AUTHOR_ID>18</AUTHOR_ID>
  <GENDER>F</GENDER>
  <NUM_BOOKS>5</NUM_BOOKS>
  <ADDRESS>7 Kings Park</ADDRESS>
  <AUTHOR_NAME>Birdie Pierpoint</AUTHOR_NAME>
 </ROW>
 <ROW>
  <AUTHOR_ID>19</AUTHOR_ID>
  <GENDER>M</GENDER>
  <NUM_BOOKS>6</NUM_BOOKS>
  <ADDRESS>2 Petterle Junction</ADDRESS>
  <AUTHOR_NAME>Sorcha Screen</AUTHOR_NAME>
 </ROW>
 <ROW>
  <AUTHOR_ID>20</AUTHOR_ID>
  <GENDER>M</GENDER>
  <NUM_BOOKS>4</NUM_BOOKS>
  <ADDRESS>17 Onsgard Alley</ADDRESS>
  <AUTHOR_NAME>Wylie Simecek</AUTHOR_NAME>
 </ROW>
 <ROW>
  <AUTHOR_ID>21</AUTHOR_ID>
  <GENDER>M</GENDER>
  <NUM_BOOKS>7</NUM_BOOKS>
  <ADDRESS>437 Prentice Way</ADDRESS>
  <AUTHOR_NAME>Genovera Saiger</AUTHOR_NAME>
 </ROW>
 <ROW>
  <AUTHOR_ID>22</AUTHOR_ID>
  <GENDER>F</GENDER>
  <NUM_BOOKS>10</NUM_BOOKS>
  <ADDRESS>2513 Eagle Crest Parkway</ADDRESS>
  <AUTHOR_NAME>Carry McCorry</AUTHOR_NAME>
 </ROW>
 <ROW>
  <AUTHOR_ID>23</AUTHOR_ID>
  <GENDER>M</GENDER>
  <NUM_BOOKS>5</NUM_BOOKS>
  <ADDRESS>945 Shoshone Avenue</ADDRESS>
  <AUTHOR_NAME>Drugi Marginson</AUTHOR_NAME>
 </ROW>
 <ROW>
  <AUTHOR_ID>24</AUTHOR_ID>
  <GENDER>M</GENDER>
  <NUM_BOOKS>5</NUM_BOOKS>
  <ADDRESS>132 Redwing Hill</ADDRESS>
  <AUTHOR_NAME>Lyssa Matejka</AUTHOR_NAME>
 </ROW>
 <ROW>
  <AUTHOR_ID>25</AUTHOR_ID>
  <GENDER>M</GENDER>
  <NUM_BOOKS>3</NUM_BOOKS>
  <ADDRESS>37 Grayhawk Court</ADDRESS>
  <AUTHOR_NAME>Noelani Davidofski</AUTHOR_NAME>
 </ROW>
 <ROW>
  <AUTHOR_ID>26</AUTHOR_ID>
  <GENDER>F</GENDER>
  <NUM_BOOKS>5</NUM_BOOKS>
  <ADDRESS>58 Chinook Court</ADDRESS>
  <AUTHOR_NAME>Basil Neesham</AUTHOR_NAME>
 </ROW>
 <ROW>
  <AUTHOR_ID>27</AUTHOR_ID>
  <GENDER>F</GENDER>
  <NUM_BOOKS>10</NUM_BOOKS>
  <ADDRESS>7902 Summerview Trail</ADDRESS>
  <AUTHOR_NAME>Clarita Partrick</AUTHOR_NAME>
 </ROW>
 <ROW>
  <AUTHOR_ID>28</AUTHOR_ID>
  <GENDER>F</GENDER>
  <NUM_BOOKS>9</NUM_BOOKS>
  <ADDRESS>35 Washington Road</ADDRESS>
  <AUTHOR_NAME>Nanice Skone</AUTHOR_NAME>
 </ROW>
 <ROW>
  <AUTHOR_ID>29</AUTHOR_ID>
  <GENDER>M</GENDER>
  <NUM_BOOKS>7</NUM_BOOKS>
  <ADDRESS>8 Esker Street</ADDRESS>
  <AUTHOR_NAME>Barret Ferre</AUTHOR_NAME>
 </ROW>
 <ROW>
  <AUTHOR_ID>30</AUTHOR_ID>
  <GENDER>M</GENDER>
  <NUM_BOOKS>6</NUM_BOOKS>
  <ADDRESS>7 Knutson Junction</ADDRESS>
  <AUTHOR_NAME>Ivor Berndsen</AUTHOR_NAME>
 </ROW>
 <ROW>
  <AUTHOR_ID>31</AUTHOR_ID>
  <GENDER>F</GENDER>
  <NUM_BOOKS>9</NUM_BOOKS>
  <ADDRESS>88 Corben Way</ADDRESS>
  <AUTHOR_NAME>Duffy Gentreau</AUTHOR_NAME>
 </ROW>
 <ROW>
  <AUTHOR_ID>32</AUTHOR_ID>
  <GENDER>F</GENDER>
  <NUM_BOOKS>7</NUM_BOOKS>
  <ADDRESS>9791 Goodland Road</ADDRESS>
  <AUTHOR_NAME>Fabe Yare</AUTHOR_NAME>
 </ROW>
 <ROW>
  <AUTHOR_ID>33</AUTHOR_ID>
  <GENDER>F</GENDER>
  <NUM_BOOKS>2</NUM_BOOKS>
  <ADDRESS>3265 Anderson Street</ADDRESS>
  <AUTHOR_NAME>Cart Vassman</AUTHOR_NAME>
 </ROW>
 <ROW>
  <AUTHOR_ID>34</AUTHOR_ID>
  <GENDER>M</GENDER>
  <NUM_BOOKS>8</NUM_BOOKS>
  <ADDRESS>7575 Judy Circle</ADDRESS>
  <AUTHOR_NAME>Raquela Brignall</AUTHOR_NAME>
 </ROW>
 <ROW>
  <AUTHOR_ID>35</AUTHOR_ID>
  <GENDER>M</GENDER>
  <NUM_BOOKS>5</NUM_BOOKS>
  <ADDRESS>09520 Weeping Birch Center</ADDRESS>
  <AUTHOR_NAME>Colet Crownshaw</AUTHOR_NAME>
 </ROW>
 <ROW>
  <AUTHOR_ID>36</AUTHOR_ID>
  <GENDER>F</GENDER>
  <NUM_BOOKS>8</NUM_BOOKS>
  <ADDRESS>19 Golf Crossing</ADDRESS>
  <AUTHOR_NAME>Eyde Rosenblath</AUTHOR_NAME>
 </ROW>
 <ROW>
  <AUTHOR_ID>37</AUTHOR_ID>
  <GENDER>F</GENDER>
  <NUM_BOOKS>1</NUM_BOOKS>
  <ADDRESS>64474 Reinke Alley</ADDRESS>
  <AUTHOR_NAME>Wyatt Pee</AUTHOR_NAME>
 </ROW>
 <ROW>
  <AUTHOR_ID>38</AUTHOR_ID>
  <GENDER>M</GENDER>
  <NUM_BOOKS>5</NUM_BOOKS>
  <ADDRESS>6837 Graedel Lane</ADDRESS>
  <AUTHOR_NAME>Viviyan Santora</AUTHOR_NAME>
 </ROW>
 <ROW>
  <AUTHOR_ID>39</AUTHOR_ID>
  <GENDER>F</GENDER>
  <NUM_BOOKS>9</NUM_BOOKS>
  <ADDRESS>4 Ridgeview Parkway</ADDRESS>
  <AUTHOR_NAME>Krystalle Thon</AUTHOR_NAME>
 </ROW>
 <ROW>
  <AUTHOR_ID>40</AUTHOR_ID>
  <GENDER>F</GENDER>
  <NUM_BOOKS>10</NUM_BOOKS>
  <ADDRESS>3990 8th Court</ADDRESS>
  <AUTHOR_NAME>Halie Valero</AUTHOR_NAME>
 </ROW>
</ROWSET>
