<?xml version="1.0"?>
<ROWSET>
 <ROW>
  <BOOK_ID>1</BOOK_ID>
  <BOOK_NAME>Godzilla vs. Hedorah (Gojira tai Hedorâ) (Godzilla vs. The Smog Monster) </BOOK_NAME>
  <PRICE>162.9</PRICE>
  <AUTHOR_ID>14</AUTHOR_ID>
  <PUBLISHER_ID>18</PUBLISHER_ID>
 </ROW>
 <ROW>
  <BOOK_ID>2</BOOK_ID>
  <BOOK_NAME>The Last Outpost</BOOK_NAME>
  <PRICE>61.4</PRICE>
  <AUTHOR_ID>9</AUTHOR_ID>
  <PUBLISHER_ID>2</PUBLISHER_ID>
 </ROW>
 <ROW>
  <BOOK_ID>3</BOOK_ID>
  <BOOK_NAME>Punch-Drunk Love</BOOK_NAME>
  <PRICE>108</PRICE>
  <AUTHOR_ID>40</AUTHOR_ID>
  <PUBLISHER_ID>11</PUBLISHER_ID>
 </ROW>
 <ROW>
  <BOOK_ID>4</BOOK_ID>
  <BOOK_NAME>Last Days in Vietnam</BOOK_NAME>
  <PRICE>121.8</PRICE>
  <AUTHOR_ID>14</AUTHOR_ID>
  <PUBLISHER_ID>9</PUBLISHER_ID>
 </ROW>
 <ROW>
  <BOOK_ID>5</BOOK_ID>
  <BOOK_NAME>Women on the Verge of a Nervous Breakdown (Mujeres al borde de un ataque de nervios)</BOOK_NAME>
  <PRICE>45.3</PRICE>
  <AUTHOR_ID>17</AUTHOR_ID>
  <PUBLISHER_ID>2</PUBLISHER_ID>
 </ROW>
 <ROW>
  <BOOK_ID>6</BOOK_ID>
  <BOOK_NAME>Phone Booth</BOOK_NAME>
  <PRICE>46.1</PRICE>
  <AUTHOR_ID>29</AUTHOR_ID>
  <PUBLISHER_ID>5</PUBLISHER_ID>
 </ROW>
 <ROW>
  <BOOK_ID>7</BOOK_ID>
  <BOOK_NAME>Last House on the Left, The</BOOK_NAME>
  <PRICE>117.1</PRICE>
  <AUTHOR_ID>1</AUTHOR_ID>
  <PUBLISHER_ID>14</PUBLISHER_ID>
 </ROW>
 <ROW>
  <BOOK_ID>8</BOOK_ID>
  <BOOK_NAME>Redbelt</BOOK_NAME>
  <PRICE>49.1</PRICE>
  <AUTHOR_ID>24</AUTHOR_ID>
  <PUBLISHER_ID>16</PUBLISHER_ID>
 </ROW>
 <ROW>
  <BOOK_ID>9</BOOK_ID>
  <BOOK_NAME>Jazz Singer, The</BOOK_NAME>
  <PRICE>155.4</PRICE>
  <AUTHOR_ID>37</AUTHOR_ID>
  <PUBLISHER_ID>2</PUBLISHER_ID>
 </ROW>
 <ROW>
  <BOOK_ID>10</BOOK_ID>
  <BOOK_NAME>Man Who Knew Too Much, The</BOOK_NAME>
  <PRICE>40.4</PRICE>
  <AUTHOR_ID>37</AUTHOR_ID>
  <PUBLISHER_ID>2</PUBLISHER_ID>
 </ROW>
 <ROW>
  <BOOK_ID>11</BOOK_ID>
  <BOOK_NAME>Tycoon</BOOK_NAME>
  <PRICE>32.5</PRICE>
  <AUTHOR_ID>32</AUTHOR_ID>
  <PUBLISHER_ID>5</PUBLISHER_ID>
 </ROW>
 <ROW>
  <BOOK_ID>12</BOOK_ID>
  <BOOK_NAME>Gauntlet, The</BOOK_NAME>
  <PRICE>48.1</PRICE>
  <AUTHOR_ID>37</AUTHOR_ID>
  <PUBLISHER_ID>1</PUBLISHER_ID>
 </ROW>
 <ROW>
  <BOOK_ID>13</BOOK_ID>
  <BOOK_NAME>Simon Birch</BOOK_NAME>
  <PRICE>77</PRICE>
  <AUTHOR_ID>40</AUTHOR_ID>
  <PUBLISHER_ID>3</PUBLISHER_ID>
 </ROW>
 <ROW>
  <BOOK_ID>14</BOOK_ID>
  <BOOK_NAME>Who Framed Roger Rabbit?</BOOK_NAME>
  <PRICE>127.6</PRICE>
  <AUTHOR_ID>7</AUTHOR_ID>
  <PUBLISHER_ID>4</PUBLISHER_ID>
 </ROW>
 <ROW>
  <BOOK_ID>15</BOOK_ID>
  <BOOK_NAME>The Call of the Wild</BOOK_NAME>
  <PRICE>116.9</PRICE>
  <AUTHOR_ID>7</AUTHOR_ID>
  <PUBLISHER_ID>11</PUBLISHER_ID>
 </ROW>
 <ROW>
  <BOOK_ID>16</BOOK_ID>
  <BOOK_NAME>Gleaners &amp; I, The (Les glaneurs et la glaneuse)</BOOK_NAME>
  <PRICE>35.2</PRICE>
  <AUTHOR_ID>13</AUTHOR_ID>
  <PUBLISHER_ID>7</PUBLISHER_ID>
 </ROW>
 <ROW>
  <BOOK_ID>17</BOOK_ID>
  <BOOK_NAME>Wish Upon a Star</BOOK_NAME>
  <PRICE>112.7</PRICE>
  <AUTHOR_ID>31</AUTHOR_ID>
  <PUBLISHER_ID>17</PUBLISHER_ID>
 </ROW>
 <ROW>
  <BOOK_ID>18</BOOK_ID>
  <BOOK_NAME>Awakening, The</BOOK_NAME>
  <PRICE>72.6</PRICE>
  <AUTHOR_ID>27</AUTHOR_ID>
  <PUBLISHER_ID>6</PUBLISHER_ID>
 </ROW>
 <ROW>
  <BOOK_ID>19</BOOK_ID>
  <BOOK_NAME>Abbott and Costello Meet the Killer, Boris Karloff</BOOK_NAME>
  <PRICE>88.4</PRICE>
  <AUTHOR_ID>20</AUTHOR_ID>
  <PUBLISHER_ID>4</PUBLISHER_ID>
 </ROW>
 <ROW>
  <BOOK_ID>20</BOOK_ID>
  <BOOK_NAME>Ingmar Bergman on Life and Work (Ingmar Bergman: Om liv och arbete)</BOOK_NAME>
  <PRICE>52.1</PRICE>
  <AUTHOR_ID>35</AUTHOR_ID>
  <PUBLISHER_ID>16</PUBLISHER_ID>
 </ROW>
 <ROW>
  <BOOK_ID>21</BOOK_ID>
  <BOOK_NAME>Ring of Darkness</BOOK_NAME>
  <PRICE>77.3</PRICE>
  <AUTHOR_ID>2</AUTHOR_ID>
  <PUBLISHER_ID>17</PUBLISHER_ID>
 </ROW>
 <ROW>
  <BOOK_ID>22</BOOK_ID>
  <BOOK_NAME>Drei Stunden</BOOK_NAME>
  <PRICE>139.2</PRICE>
  <AUTHOR_ID>13</AUTHOR_ID>
  <PUBLISHER_ID>17</PUBLISHER_ID>
 </ROW>
 <ROW>
  <BOOK_ID>23</BOOK_ID>
  <BOOK_NAME>That&apos;s Black Entertainment</BOOK_NAME>
  <PRICE>56.8</PRICE>
  <AUTHOR_ID>3</AUTHOR_ID>
  <PUBLISHER_ID>6</PUBLISHER_ID>
 </ROW>
 <ROW>
  <BOOK_ID>24</BOOK_ID>
  <BOOK_NAME>Son of Dracula</BOOK_NAME>
  <PRICE>145.2</PRICE>
  <AUTHOR_ID>39</AUTHOR_ID>
  <PUBLISHER_ID>4</PUBLISHER_ID>
 </ROW>
 <ROW>
  <BOOK_ID>25</BOOK_ID>
  <BOOK_NAME>Star Trek: Of Gods and Men</BOOK_NAME>
  <PRICE>140.8</PRICE>
  <AUTHOR_ID>29</AUTHOR_ID>
  <PUBLISHER_ID>20</PUBLISHER_ID>
 </ROW>
 <ROW>
  <BOOK_ID>26</BOOK_ID>
  <BOOK_NAME>Amateurs, The (Moguls, The)</BOOK_NAME>
  <PRICE>80.1</PRICE>
  <AUTHOR_ID>20</AUTHOR_ID>
  <PUBLISHER_ID>5</PUBLISHER_ID>
 </ROW>
 <ROW>
  <BOOK_ID>27</BOOK_ID>
  <BOOK_NAME>Planet of the Apes</BOOK_NAME>
  <PRICE>76.9</PRICE>
  <AUTHOR_ID>33</AUTHOR_ID>
  <PUBLISHER_ID>3</PUBLISHER_ID>
 </ROW>
 <ROW>
  <BOOK_ID>28</BOOK_ID>
  <BOOK_NAME>Rocaterrania</BOOK_NAME>
  <PRICE>109.4</PRICE>
  <AUTHOR_ID>19</AUTHOR_ID>
  <PUBLISHER_ID>11</PUBLISHER_ID>
 </ROW>
 <ROW>
  <BOOK_ID>29</BOOK_ID>
  <BOOK_NAME>Boxtrolls, The</BOOK_NAME>
  <PRICE>168</PRICE>
  <AUTHOR_ID>26</AUTHOR_ID>
  <PUBLISHER_ID>17</PUBLISHER_ID>
 </ROW>
 <ROW>
  <BOOK_ID>30</BOOK_ID>
  <BOOK_NAME>Dead Fish</BOOK_NAME>
  <PRICE>55.3</PRICE>
  <AUTHOR_ID>9</AUTHOR_ID>
  <PUBLISHER_ID>17</PUBLISHER_ID>
 </ROW>
 <ROW>
  <BOOK_ID>31</BOOK_ID>
  <BOOK_NAME>Molokai (Molokai: The Story of Father Damien)</BOOK_NAME>
  <PRICE>37.7</PRICE>
  <AUTHOR_ID>2</AUTHOR_ID>
  <PUBLISHER_ID>9</PUBLISHER_ID>
 </ROW>
 <ROW>
  <BOOK_ID>32</BOOK_ID>
  <BOOK_NAME>Besotted</BOOK_NAME>
  <PRICE>163.2</PRICE>
  <AUTHOR_ID>16</AUTHOR_ID>
  <PUBLISHER_ID>20</PUBLISHER_ID>
 </ROW>
 <ROW>
  <BOOK_ID>33</BOOK_ID>
  <BOOK_NAME>Boy Meets Girl</BOOK_NAME>
  <PRICE>153.4</PRICE>
  <AUTHOR_ID>9</AUTHOR_ID>
  <PUBLISHER_ID>17</PUBLISHER_ID>
 </ROW>
 <ROW>
  <BOOK_ID>34</BOOK_ID>
  <BOOK_NAME>Black Stallion, The</BOOK_NAME>
  <PRICE>77.6</PRICE>
  <AUTHOR_ID>4</AUTHOR_ID>
  <PUBLISHER_ID>18</PUBLISHER_ID>
 </ROW>
 <ROW>
  <BOOK_ID>35</BOOK_ID>
  <BOOK_NAME>Random Hearts</BOOK_NAME>
  <PRICE>108.1</PRICE>
  <AUTHOR_ID>30</AUTHOR_ID>
  <PUBLISHER_ID>10</PUBLISHER_ID>
 </ROW>
 <ROW>
  <BOOK_ID>36</BOOK_ID>
  <BOOK_NAME>Hurt Locker, The</BOOK_NAME>
  <PRICE>94.8</PRICE>
  <AUTHOR_ID>9</AUTHOR_ID>
  <PUBLISHER_ID>5</PUBLISHER_ID>
 </ROW>
 <ROW>
  <BOOK_ID>37</BOOK_ID>
  <BOOK_NAME>Lilies of the Field</BOOK_NAME>
  <PRICE>65.9</PRICE>
  <AUTHOR_ID>3</AUTHOR_ID>
  <PUBLISHER_ID>12</PUBLISHER_ID>
 </ROW>
 <ROW>
  <BOOK_ID>38</BOOK_ID>
  <BOOK_NAME>End of St. Petersburg, The (Konets Sankt-Peterburga)</BOOK_NAME>
  <PRICE>84.4</PRICE>
  <AUTHOR_ID>33</AUTHOR_ID>
  <PUBLISHER_ID>11</PUBLISHER_ID>
 </ROW>
 <ROW>
  <BOOK_ID>39</BOOK_ID>
  <BOOK_NAME>The Prophecy: Forsaken</BOOK_NAME>
  <PRICE>153.5</PRICE>
  <AUTHOR_ID>14</AUTHOR_ID>
  <PUBLISHER_ID>6</PUBLISHER_ID>
 </ROW>
 <ROW>
  <BOOK_ID>40</BOOK_ID>
  <BOOK_NAME>Peace, Propaganda &amp; the Promised Land</BOOK_NAME>
  <PRICE>73.4</PRICE>
  <AUTHOR_ID>36</AUTHOR_ID>
  <PUBLISHER_ID>17</PUBLISHER_ID>
 </ROW>
 <ROW>
  <BOOK_ID>41</BOOK_ID>
  <BOOK_NAME>Confessor, The (a.k.a. The Good Shepherd)</BOOK_NAME>
  <PRICE>58.1</PRICE>
  <AUTHOR_ID>1</AUTHOR_ID>
  <PUBLISHER_ID>11</PUBLISHER_ID>
 </ROW>
 <ROW>
  <BOOK_ID>42</BOOK_ID>
  <BOOK_NAME>Wall Street: Money Never Sleeps</BOOK_NAME>
  <PRICE>133.8</PRICE>
  <AUTHOR_ID>18</AUTHOR_ID>
  <PUBLISHER_ID>9</PUBLISHER_ID>
 </ROW>
 <ROW>
  <BOOK_ID>43</BOOK_ID>
  <BOOK_NAME>Mille bolle blu</BOOK_NAME>
  <PRICE>31.6</PRICE>
  <AUTHOR_ID>3</AUTHOR_ID>
  <PUBLISHER_ID>19</PUBLISHER_ID>
 </ROW>
 <ROW>
  <BOOK_ID>44</BOOK_ID>
  <BOOK_NAME>Star Trek III: The Search for Spock</BOOK_NAME>
  <PRICE>66.3</PRICE>
  <AUTHOR_ID>18</AUTHOR_ID>
  <PUBLISHER_ID>15</PUBLISHER_ID>
 </ROW>
 <ROW>
  <BOOK_ID>45</BOOK_ID>
  <BOOK_NAME>Death Becomes Her</BOOK_NAME>
  <PRICE>152.1</PRICE>
  <AUTHOR_ID>38</AUTHOR_ID>
  <PUBLISHER_ID>9</PUBLISHER_ID>
 </ROW>
 <ROW>
  <BOOK_ID>46</BOOK_ID>
  <BOOK_NAME>Hansel &amp; Gretel</BOOK_NAME>
  <PRICE>63.5</PRICE>
  <AUTHOR_ID>9</AUTHOR_ID>
  <PUBLISHER_ID>9</PUBLISHER_ID>
 </ROW>
 <ROW>
  <BOOK_ID>47</BOOK_ID>
  <BOOK_NAME>Invitation to the Dance</BOOK_NAME>
  <PRICE>54</PRICE>
  <AUTHOR_ID>26</AUTHOR_ID>
  <PUBLISHER_ID>1</PUBLISHER_ID>
 </ROW>
 <ROW>
  <BOOK_ID>48</BOOK_ID>
  <BOOK_NAME>Fantastic Four: Rise of the Silver Surfer</BOOK_NAME>
  <PRICE>36.7</PRICE>
  <AUTHOR_ID>40</AUTHOR_ID>
  <PUBLISHER_ID>9</PUBLISHER_ID>
 </ROW>
 <ROW>
  <BOOK_ID>49</BOOK_ID>
  <BOOK_NAME>Hate (Haine, La)</BOOK_NAME>
  <PRICE>134.4</PRICE>
  <AUTHOR_ID>28</AUTHOR_ID>
  <PUBLISHER_ID>16</PUBLISHER_ID>
 </ROW>
 <ROW>
  <BOOK_ID>50</BOOK_ID>
  <BOOK_NAME>Evil Dead, The</BOOK_NAME>
  <PRICE>128.9</PRICE>
  <AUTHOR_ID>25</AUTHOR_ID>
  <PUBLISHER_ID>1</PUBLISHER_ID>
 </ROW>
 <ROW>
  <BOOK_ID>51</BOOK_ID>
  <BOOK_NAME>The End</BOOK_NAME>
  <PRICE>24.9</PRICE>
  <AUTHOR_ID>19</AUTHOR_ID>
  <PUBLISHER_ID>13</PUBLISHER_ID>
 </ROW>
 <ROW>
  <BOOK_ID>52</BOOK_ID>
  <BOOK_NAME>Box, The</BOOK_NAME>
  <PRICE>22.5</PRICE>
  <AUTHOR_ID>28</AUTHOR_ID>
  <PUBLISHER_ID>16</PUBLISHER_ID>
 </ROW>
 <ROW>
  <BOOK_ID>53</BOOK_ID>
  <BOOK_NAME>Weary River</BOOK_NAME>
  <PRICE>130.2</PRICE>
  <AUTHOR_ID>11</AUTHOR_ID>
  <PUBLISHER_ID>14</PUBLISHER_ID>
 </ROW>
 <ROW>
  <BOOK_ID>54</BOOK_ID>
  <BOOK_NAME>Manon of the Spring</BOOK_NAME>
  <PRICE>37.5</PRICE>
  <AUTHOR_ID>26</AUTHOR_ID>
  <PUBLISHER_ID>15</PUBLISHER_ID>
 </ROW>
 <ROW>
  <BOOK_ID>55</BOOK_ID>
  <BOOK_NAME>Cup, The (Phörpa)</BOOK_NAME>
  <PRICE>147.9</PRICE>
  <AUTHOR_ID>10</AUTHOR_ID>
  <PUBLISHER_ID>9</PUBLISHER_ID>
 </ROW>
 <ROW>
  <BOOK_ID>56</BOOK_ID>
  <BOOK_NAME>Taking of Pelham One Two Three, The</BOOK_NAME>
  <PRICE>31.4</PRICE>
  <AUTHOR_ID>3</AUTHOR_ID>
  <PUBLISHER_ID>15</PUBLISHER_ID>
 </ROW>
 <ROW>
  <BOOK_ID>57</BOOK_ID>
  <BOOK_NAME>Looking for Hortense (Cherchez Hortense) </BOOK_NAME>
  <PRICE>17.2</PRICE>
  <AUTHOR_ID>27</AUTHOR_ID>
  <PUBLISHER_ID>3</PUBLISHER_ID>
 </ROW>
 <ROW>
  <BOOK_ID>58</BOOK_ID>
  <BOOK_NAME>Chastity Bites</BOOK_NAME>
  <PRICE>62.8</PRICE>
  <AUTHOR_ID>10</AUTHOR_ID>
  <PUBLISHER_ID>11</PUBLISHER_ID>
 </ROW>
 <ROW>
  <BOOK_ID>59</BOOK_ID>
  <BOOK_NAME>House Party</BOOK_NAME>
  <PRICE>38.7</PRICE>
  <AUTHOR_ID>1</AUTHOR_ID>
  <PUBLISHER_ID>10</PUBLISHER_ID>
 </ROW>
 <ROW>
  <BOOK_ID>60</BOOK_ID>
  <BOOK_NAME>Ultramarines: A Warhammer 40,000 Movie</BOOK_NAME>
  <PRICE>139.6</PRICE>
  <AUTHOR_ID>7</AUTHOR_ID>
  <PUBLISHER_ID>1</PUBLISHER_ID>
 </ROW>
 <ROW>
  <BOOK_ID>61</BOOK_ID>
  <BOOK_NAME>Holy Girl, The (Niña santa, La)</BOOK_NAME>
  <PRICE>52.4</PRICE>
  <AUTHOR_ID>20</AUTHOR_ID>
  <PUBLISHER_ID>18</PUBLISHER_ID>
 </ROW>
 <ROW>
  <BOOK_ID>62</BOOK_ID>
  <BOOK_NAME>My Left Eye Sees Ghosts (Ngo joh aan gin diy gwai)</BOOK_NAME>
  <PRICE>136.3</PRICE>
  <AUTHOR_ID>37</AUTHOR_ID>
  <PUBLISHER_ID>18</PUBLISHER_ID>
 </ROW>
 <ROW>
  <BOOK_ID>63</BOOK_ID>
  <BOOK_NAME>Joe Kidd</BOOK_NAME>
  <PRICE>43.2</PRICE>
  <AUTHOR_ID>6</AUTHOR_ID>
  <PUBLISHER_ID>7</PUBLISHER_ID>
 </ROW>
 <ROW>
  <BOOK_ID>64</BOOK_ID>
  <BOOK_NAME>Whiteboyz</BOOK_NAME>
  <PRICE>149.9</PRICE>
  <AUTHOR_ID>8</AUTHOR_ID>
  <PUBLISHER_ID>5</PUBLISHER_ID>
 </ROW>
 <ROW>
  <BOOK_ID>65</BOOK_ID>
  <BOOK_NAME>The Wedding Ringer</BOOK_NAME>
  <PRICE>87.6</PRICE>
  <AUTHOR_ID>27</AUTHOR_ID>
  <PUBLISHER_ID>8</PUBLISHER_ID>
 </ROW>
 <ROW>
  <BOOK_ID>66</BOOK_ID>
  <BOOK_NAME>Arthur</BOOK_NAME>
  <PRICE>134.5</PRICE>
  <AUTHOR_ID>21</AUTHOR_ID>
  <PUBLISHER_ID>11</PUBLISHER_ID>
 </ROW>
 <ROW>
  <BOOK_ID>67</BOOK_ID>
  <BOOK_NAME>Fastest Gun Alive, The</BOOK_NAME>
  <PRICE>27.3</PRICE>
  <AUTHOR_ID>15</AUTHOR_ID>
  <PUBLISHER_ID>7</PUBLISHER_ID>
 </ROW>
 <ROW>
  <BOOK_ID>68</BOOK_ID>
  <BOOK_NAME>Barchester Chronicles, The</BOOK_NAME>
  <PRICE>148.6</PRICE>
  <AUTHOR_ID>33</AUTHOR_ID>
  <PUBLISHER_ID>12</PUBLISHER_ID>
 </ROW>
 <ROW>
  <BOOK_ID>69</BOOK_ID>
  <BOOK_NAME>His Girl Friday</BOOK_NAME>
  <PRICE>138.5</PRICE>
  <AUTHOR_ID>16</AUTHOR_ID>
  <PUBLISHER_ID>7</PUBLISHER_ID>
 </ROW>
 <ROW>
  <BOOK_ID>70</BOOK_ID>
  <BOOK_NAME>Sextette</BOOK_NAME>
  <PRICE>60.5</PRICE>
  <AUTHOR_ID>5</AUTHOR_ID>
  <PUBLISHER_ID>3</PUBLISHER_ID>
 </ROW>
 <ROW>
  <BOOK_ID>71</BOOK_ID>
  <BOOK_NAME>Nil By Mouth</BOOK_NAME>
  <PRICE>166.1</PRICE>
  <AUTHOR_ID>8</AUTHOR_ID>
  <PUBLISHER_ID>12</PUBLISHER_ID>
 </ROW>
 <ROW>
  <BOOK_ID>72</BOOK_ID>
  <BOOK_NAME>Fantastic Planet, The (Planète sauvage, La)</BOOK_NAME>
  <PRICE>90.9</PRICE>
  <AUTHOR_ID>11</AUTHOR_ID>
  <PUBLISHER_ID>11</PUBLISHER_ID>
 </ROW>
 <ROW>
  <BOOK_ID>73</BOOK_ID>
  <BOOK_NAME>Forbidden Zone</BOOK_NAME>
  <PRICE>79.6</PRICE>
  <AUTHOR_ID>32</AUTHOR_ID>
  <PUBLISHER_ID>11</PUBLISHER_ID>
 </ROW>
 <ROW>
  <BOOK_ID>74</BOOK_ID>
  <BOOK_NAME>Air Guitar Nation</BOOK_NAME>
  <PRICE>115.6</PRICE>
  <AUTHOR_ID>17</AUTHOR_ID>
  <PUBLISHER_ID>10</PUBLISHER_ID>
 </ROW>
 <ROW>
  <BOOK_ID>75</BOOK_ID>
  <BOOK_NAME>Human Failure (Menschliches Versagen)</BOOK_NAME>
  <PRICE>120.3</PRICE>
  <AUTHOR_ID>29</AUTHOR_ID>
  <PUBLISHER_ID>1</PUBLISHER_ID>
 </ROW>
 <ROW>
  <BOOK_ID>76</BOOK_ID>
  <BOOK_NAME>We&apos;re Not Married!</BOOK_NAME>
  <PRICE>118.4</PRICE>
  <AUTHOR_ID>22</AUTHOR_ID>
  <PUBLISHER_ID>4</PUBLISHER_ID>
 </ROW>
 <ROW>
  <BOOK_ID>77</BOOK_ID>
  <BOOK_NAME>Night of the Demons</BOOK_NAME>
  <PRICE>82.2</PRICE>
  <AUTHOR_ID>20</AUTHOR_ID>
  <PUBLISHER_ID>4</PUBLISHER_ID>
 </ROW>
 <ROW>
  <BOOK_ID>78</BOOK_ID>
  <BOOK_NAME>This Is Spinal Tap</BOOK_NAME>
  <PRICE>90.6</PRICE>
  <AUTHOR_ID>3</AUTHOR_ID>
  <PUBLISHER_ID>20</PUBLISHER_ID>
 </ROW>
 <ROW>
  <BOOK_ID>79</BOOK_ID>
  <BOOK_NAME>Road, The</BOOK_NAME>
  <PRICE>84.9</PRICE>
  <AUTHOR_ID>22</AUTHOR_ID>
  <PUBLISHER_ID>5</PUBLISHER_ID>
 </ROW>
 <ROW>
  <BOOK_ID>80</BOOK_ID>
  <BOOK_NAME>The Gamers</BOOK_NAME>
  <PRICE>125.4</PRICE>
  <AUTHOR_ID>20</AUTHOR_ID>
  <PUBLISHER_ID>11</PUBLISHER_ID>
 </ROW>
 <ROW>
  <BOOK_ID>81</BOOK_ID>
  <BOOK_NAME>The Beast Kills in Cold Blood</BOOK_NAME>
  <PRICE>132.1</PRICE>
  <AUTHOR_ID>26</AUTHOR_ID>
  <PUBLISHER_ID>7</PUBLISHER_ID>
 </ROW>
 <ROW>
  <BOOK_ID>82</BOOK_ID>
  <BOOK_NAME>Somebody Up There Likes Me</BOOK_NAME>
  <PRICE>141.6</PRICE>
  <AUTHOR_ID>10</AUTHOR_ID>
  <PUBLISHER_ID>15</PUBLISHER_ID>
 </ROW>
 <ROW>
  <BOOK_ID>83</BOOK_ID>
  <BOOK_NAME>Ten Tall Men</BOOK_NAME>
  <PRICE>86.6</PRICE>
  <AUTHOR_ID>27</AUTHOR_ID>
  <PUBLISHER_ID>19</PUBLISHER_ID>
 </ROW>
 <ROW>
  <BOOK_ID>84</BOOK_ID>
  <BOOK_NAME>Love Is a Woman (Death Is a Woman)</BOOK_NAME>
  <PRICE>167</PRICE>
  <AUTHOR_ID>5</AUTHOR_ID>
  <PUBLISHER_ID>14</PUBLISHER_ID>
 </ROW>
 <ROW>
  <BOOK_ID>85</BOOK_ID>
  <BOOK_NAME>Eternity and a Day (Mia aoniotita kai mia mera)</BOOK_NAME>
  <PRICE>139.7</PRICE>
  <AUTHOR_ID>21</AUTHOR_ID>
  <PUBLISHER_ID>12</PUBLISHER_ID>
 </ROW>
 <ROW>
  <BOOK_ID>86</BOOK_ID>
  <BOOK_NAME>The Trip to Bountiful</BOOK_NAME>
  <PRICE>148.7</PRICE>
  <AUTHOR_ID>22</AUTHOR_ID>
  <PUBLISHER_ID>12</PUBLISHER_ID>
 </ROW>
 <ROW>
  <BOOK_ID>87</BOOK_ID>
  <BOOK_NAME>Children of the Century, The (Enfants du siècle, Les)</BOOK_NAME>
  <PRICE>46.6</PRICE>
  <AUTHOR_ID>24</AUTHOR_ID>
  <PUBLISHER_ID>18</PUBLISHER_ID>
 </ROW>
 <ROW>
  <BOOK_ID>88</BOOK_ID>
  <BOOK_NAME>Wonderland</BOOK_NAME>
  <PRICE>95.8</PRICE>
  <AUTHOR_ID>22</AUTHOR_ID>
  <PUBLISHER_ID>11</PUBLISHER_ID>
 </ROW>
 <ROW>
  <BOOK_ID>89</BOOK_ID>
  <BOOK_NAME>Salinger</BOOK_NAME>
  <PRICE>129.7</PRICE>
  <AUTHOR_ID>36</AUTHOR_ID>
  <PUBLISHER_ID>14</PUBLISHER_ID>
 </ROW>
 <ROW>
  <BOOK_ID>90</BOOK_ID>
  <BOOK_NAME>Emergo (Apartment 143)</BOOK_NAME>
  <PRICE>84</PRICE>
  <AUTHOR_ID>25</AUTHOR_ID>
  <PUBLISHER_ID>5</PUBLISHER_ID>
 </ROW>
 <ROW>
  <BOOK_ID>91</BOOK_ID>
  <BOOK_NAME>Freedom Song</BOOK_NAME>
  <PRICE>131.1</PRICE>
  <AUTHOR_ID>27</AUTHOR_ID>
  <PUBLISHER_ID>2</PUBLISHER_ID>
 </ROW>
 <ROW>
  <BOOK_ID>92</BOOK_ID>
  <BOOK_NAME>Coup de grâce (Der Fangschuß)</BOOK_NAME>
  <PRICE>122.7</PRICE>
  <AUTHOR_ID>3</AUTHOR_ID>
  <PUBLISHER_ID>10</PUBLISHER_ID>
 </ROW>
 <ROW>
  <BOOK_ID>93</BOOK_ID>
  <BOOK_NAME>Cypher</BOOK_NAME>
  <PRICE>70</PRICE>
  <AUTHOR_ID>17</AUTHOR_ID>
  <PUBLISHER_ID>14</PUBLISHER_ID>
 </ROW>
 <ROW>
  <BOOK_ID>94</BOOK_ID>
  <BOOK_NAME>Looking for Palladin</BOOK_NAME>
  <PRICE>36.6</PRICE>
  <AUTHOR_ID>34</AUTHOR_ID>
  <PUBLISHER_ID>12</PUBLISHER_ID>
 </ROW>
 <ROW>
  <BOOK_ID>95</BOOK_ID>
  <BOOK_NAME>House Party 3</BOOK_NAME>
  <PRICE>91.5</PRICE>
  <AUTHOR_ID>28</AUTHOR_ID>
  <PUBLISHER_ID>6</PUBLISHER_ID>
 </ROW>
 <ROW>
  <BOOK_ID>96</BOOK_ID>
  <BOOK_NAME>Setup (Set Up)</BOOK_NAME>
  <PRICE>77.7</PRICE>
  <AUTHOR_ID>7</AUTHOR_ID>
  <PUBLISHER_ID>16</PUBLISHER_ID>
 </ROW>
 <ROW>
  <BOOK_ID>97</BOOK_ID>
  <BOOK_NAME>Assassination of a High School President</BOOK_NAME>
  <PRICE>101.4</PRICE>
  <AUTHOR_ID>32</AUTHOR_ID>
  <PUBLISHER_ID>2</PUBLISHER_ID>
 </ROW>
 <ROW>
  <BOOK_ID>98</BOOK_ID>
  <BOOK_NAME>Mummy&apos;s Tomb, The</BOOK_NAME>
  <PRICE>59.9</PRICE>
  <AUTHOR_ID>34</AUTHOR_ID>
  <PUBLISHER_ID>17</PUBLISHER_ID>
 </ROW>
 <ROW>
  <BOOK_ID>99</BOOK_ID>
  <BOOK_NAME>Double Confession</BOOK_NAME>
  <PRICE>123.1</PRICE>
  <AUTHOR_ID>5</AUTHOR_ID>
  <PUBLISHER_ID>9</PUBLISHER_ID>
 </ROW>
 <ROW>
  <BOOK_ID>100</BOOK_ID>
  <BOOK_NAME>Someone Like You</BOOK_NAME>
  <PRICE>156.1</PRICE>
  <AUTHOR_ID>20</AUTHOR_ID>
  <PUBLISHER_ID>18</PUBLISHER_ID>
 </ROW>
 <ROW>
  <BOOK_ID>101</BOOK_ID>
  <BOOK_NAME>Harry Potter</BOOK_NAME>
  <PRICE>100</PRICE>
  <AUTHOR_ID>31</AUTHOR_ID>
  <PUBLISHER_ID>20</PUBLISHER_ID>
 </ROW>
</ROWSET>
