<?xml version="1.0"?>
<ROWSET>
 <ROW>
  <CART_ID>1</CART_ID>
  <CUSTOMER_ID>45</CUSTOMER_ID>
  <TOTAL_PRICE>433.69</TOTAL_PRICE>
 </ROW>
 <ROW>
  <CART_ID>2</CART_ID>
  <CUSTOMER_ID>29</CUSTOMER_ID>
  <TOTAL_PRICE>88.09</TOTAL_PRICE>
 </ROW>
 <ROW>
  <CART_ID>3</CART_ID>
  <CUSTOMER_ID>45</CUSTOMER_ID>
  <TOTAL_PRICE>87.35</TOTAL_PRICE>
 </ROW>
 <ROW>
  <CART_ID>4</CART_ID>
  <CUSTOMER_ID>22</CUSTOMER_ID>
  <TOTAL_PRICE>645.5</TOTAL_PRICE>
 </ROW>
 <ROW>
  <CART_ID>5</CART_ID>
  <CUSTOMER_ID>47</CUSTOMER_ID>
  <TOTAL_PRICE>304.6</TOTAL_PRICE>
 </ROW>
 <ROW>
  <CART_ID>6</CART_ID>
  <CUSTOMER_ID>8</CUSTOMER_ID>
  <TOTAL_PRICE>171.06</TOTAL_PRICE>
 </ROW>
 <ROW>
  <CART_ID>7</CART_ID>
  <CUSTOMER_ID>52</CUSTOMER_ID>
  <TOTAL_PRICE>436.48</TOTAL_PRICE>
 </ROW>
 <ROW>
  <CART_ID>8</CART_ID>
  <CUSTOMER_ID>58</CUSTOMER_ID>
  <TOTAL_PRICE>563.57</TOTAL_PRICE>
 </ROW>
 <ROW>
  <CART_ID>9</CART_ID>
  <CUSTOMER_ID>77</CUSTOMER_ID>
  <TOTAL_PRICE>39.01</TOTAL_PRICE>
 </ROW>
 <ROW>
  <CART_ID>10</CART_ID>
  <CUSTOMER_ID>24</CUSTOMER_ID>
  <TOTAL_PRICE>206.17</TOTAL_PRICE>
 </ROW>
 <ROW>
  <CART_ID>11</CART_ID>
  <CUSTOMER_ID>10</CUSTOMER_ID>
  <TOTAL_PRICE>261.81</TOTAL_PRICE>
 </ROW>
 <ROW>
  <CART_ID>12</CART_ID>
  <CUSTOMER_ID>95</CUSTOMER_ID>
  <TOTAL_PRICE>977.66</TOTAL_PRICE>
 </ROW>
 <ROW>
  <CART_ID>13</CART_ID>
  <CUSTOMER_ID>80</CUSTOMER_ID>
  <TOTAL_PRICE>281.07</TOTAL_PRICE>
 </ROW>
 <ROW>
  <CART_ID>14</CART_ID>
  <CUSTOMER_ID>88</CUSTOMER_ID>
  <TOTAL_PRICE>164.75</TOTAL_PRICE>
 </ROW>
 <ROW>
  <CART_ID>15</CART_ID>
  <CUSTOMER_ID>48</CUSTOMER_ID>
  <TOTAL_PRICE>458.47</TOTAL_PRICE>
 </ROW>
 <ROW>
  <CART_ID>16</CART_ID>
  <CUSTOMER_ID>30</CUSTOMER_ID>
  <TOTAL_PRICE>216.45</TOTAL_PRICE>
 </ROW>
 <ROW>
  <CART_ID>17</CART_ID>
  <CUSTOMER_ID>67</CUSTOMER_ID>
  <TOTAL_PRICE>611.55</TOTAL_PRICE>
 </ROW>
 <ROW>
  <CART_ID>18</CART_ID>
  <CUSTOMER_ID>48</CUSTOMER_ID>
  <TOTAL_PRICE>494.62</TOTAL_PRICE>
 </ROW>
 <ROW>
  <CART_ID>19</CART_ID>
  <CUSTOMER_ID>89</CUSTOMER_ID>
  <TOTAL_PRICE>199.16</TOTAL_PRICE>
 </ROW>
 <ROW>
  <CART_ID>20</CART_ID>
  <CUSTOMER_ID>61</CUSTOMER_ID>
  <TOTAL_PRICE>459.9</TOTAL_PRICE>
 </ROW>
 <ROW>
  <CART_ID>21</CART_ID>
  <CUSTOMER_ID>29</CUSTOMER_ID>
  <TOTAL_PRICE>717.01</TOTAL_PRICE>
 </ROW>
 <ROW>
  <CART_ID>22</CART_ID>
  <CUSTOMER_ID>12</CUSTOMER_ID>
  <TOTAL_PRICE>562.89</TOTAL_PRICE>
 </ROW>
 <ROW>
  <CART_ID>23</CART_ID>
  <CUSTOMER_ID>96</CUSTOMER_ID>
  <TOTAL_PRICE>994.04</TOTAL_PRICE>
 </ROW>
 <ROW>
  <CART_ID>24</CART_ID>
  <CUSTOMER_ID>82</CUSTOMER_ID>
  <TOTAL_PRICE>249.45</TOTAL_PRICE>
 </ROW>
 <ROW>
  <CART_ID>25</CART_ID>
  <CUSTOMER_ID>71</CUSTOMER_ID>
  <TOTAL_PRICE>809.33</TOTAL_PRICE>
 </ROW>
 <ROW>
  <CART_ID>26</CART_ID>
  <CUSTOMER_ID>50</CUSTOMER_ID>
  <TOTAL_PRICE>754.53</TOTAL_PRICE>
 </ROW>
 <ROW>
  <CART_ID>27</CART_ID>
  <CUSTOMER_ID>50</CUSTOMER_ID>
  <TOTAL_PRICE>589.97</TOTAL_PRICE>
 </ROW>
 <ROW>
  <CART_ID>28</CART_ID>
  <CUSTOMER_ID>18</CUSTOMER_ID>
  <TOTAL_PRICE>262.75</TOTAL_PRICE>
 </ROW>
 <ROW>
  <CART_ID>29</CART_ID>
  <CUSTOMER_ID>23</CUSTOMER_ID>
  <TOTAL_PRICE>438.61</TOTAL_PRICE>
 </ROW>
 <ROW>
  <CART_ID>30</CART_ID>
  <CUSTOMER_ID>96</CUSTOMER_ID>
  <TOTAL_PRICE>468.12</TOTAL_PRICE>
 </ROW>
 <ROW>
  <CART_ID>31</CART_ID>
  <CUSTOMER_ID>1</CUSTOMER_ID>
  <TOTAL_PRICE>919</TOTAL_PRICE>
 </ROW>
 <ROW>
  <CART_ID>32</CART_ID>
  <CUSTOMER_ID>22</CUSTOMER_ID>
  <TOTAL_PRICE>690.91</TOTAL_PRICE>
 </ROW>
 <ROW>
  <CART_ID>33</CART_ID>
  <CUSTOMER_ID>65</CUSTOMER_ID>
  <TOTAL_PRICE>19.48</TOTAL_PRICE>
 </ROW>
 <ROW>
  <CART_ID>34</CART_ID>
  <CUSTOMER_ID>90</CUSTOMER_ID>
  <TOTAL_PRICE>70.54</TOTAL_PRICE>
 </ROW>
 <ROW>
  <CART_ID>35</CART_ID>
  <CUSTOMER_ID>78</CUSTOMER_ID>
  <TOTAL_PRICE>57.22</TOTAL_PRICE>
 </ROW>
 <ROW>
  <CART_ID>36</CART_ID>
  <CUSTOMER_ID>53</CUSTOMER_ID>
  <TOTAL_PRICE>743.22</TOTAL_PRICE>
 </ROW>
 <ROW>
  <CART_ID>37</CART_ID>
  <CUSTOMER_ID>49</CUSTOMER_ID>
  <TOTAL_PRICE>616.59</TOTAL_PRICE>
 </ROW>
 <ROW>
  <CART_ID>38</CART_ID>
  <CUSTOMER_ID>2</CUSTOMER_ID>
  <TOTAL_PRICE>556.5</TOTAL_PRICE>
 </ROW>
 <ROW>
  <CART_ID>39</CART_ID>
  <CUSTOMER_ID>44</CUSTOMER_ID>
  <TOTAL_PRICE>443.41</TOTAL_PRICE>
 </ROW>
 <ROW>
  <CART_ID>40</CART_ID>
  <CUSTOMER_ID>62</CUSTOMER_ID>
  <TOTAL_PRICE>731.84</TOTAL_PRICE>
 </ROW>
 <ROW>
  <CART_ID>41</CART_ID>
  <CUSTOMER_ID>22</CUSTOMER_ID>
  <TOTAL_PRICE>939.19</TOTAL_PRICE>
 </ROW>
 <ROW>
  <CART_ID>42</CART_ID>
  <CUSTOMER_ID>42</CUSTOMER_ID>
  <TOTAL_PRICE>709.1</TOTAL_PRICE>
 </ROW>
 <ROW>
  <CART_ID>43</CART_ID>
  <CUSTOMER_ID>25</CUSTOMER_ID>
  <TOTAL_PRICE>762.45</TOTAL_PRICE>
 </ROW>
 <ROW>
  <CART_ID>44</CART_ID>
  <CUSTOMER_ID>99</CUSTOMER_ID>
  <TOTAL_PRICE>426.11</TOTAL_PRICE>
 </ROW>
 <ROW>
  <CART_ID>45</CART_ID>
  <CUSTOMER_ID>19</CUSTOMER_ID>
  <TOTAL_PRICE>930.43</TOTAL_PRICE>
 </ROW>
 <ROW>
  <CART_ID>46</CART_ID>
  <CUSTOMER_ID>31</CUSTOMER_ID>
  <TOTAL_PRICE>684.72</TOTAL_PRICE>
 </ROW>
 <ROW>
  <CART_ID>47</CART_ID>
  <CUSTOMER_ID>33</CUSTOMER_ID>
  <TOTAL_PRICE>350.45</TOTAL_PRICE>
 </ROW>
 <ROW>
  <CART_ID>48</CART_ID>
  <CUSTOMER_ID>59</CUSTOMER_ID>
  <TOTAL_PRICE>794.51</TOTAL_PRICE>
 </ROW>
 <ROW>
  <CART_ID>49</CART_ID>
  <CUSTOMER_ID>73</CUSTOMER_ID>
  <TOTAL_PRICE>600.85</TOTAL_PRICE>
 </ROW>
 <ROW>
  <CART_ID>50</CART_ID>
  <CUSTOMER_ID>86</CUSTOMER_ID>
  <TOTAL_PRICE>312.85</TOTAL_PRICE>
 </ROW>
 <ROW>
  <CART_ID>51</CART_ID>
  <CUSTOMER_ID>6</CUSTOMER_ID>
  <TOTAL_PRICE>93.99</TOTAL_PRICE>
 </ROW>
 <ROW>
  <CART_ID>52</CART_ID>
  <CUSTOMER_ID>21</CUSTOMER_ID>
  <TOTAL_PRICE>495.42</TOTAL_PRICE>
 </ROW>
 <ROW>
  <CART_ID>53</CART_ID>
  <CUSTOMER_ID>35</CUSTOMER_ID>
  <TOTAL_PRICE>132.78</TOTAL_PRICE>
 </ROW>
 <ROW>
  <CART_ID>54</CART_ID>
  <CUSTOMER_ID>26</CUSTOMER_ID>
  <TOTAL_PRICE>878.52</TOTAL_PRICE>
 </ROW>
 <ROW>
  <CART_ID>55</CART_ID>
  <CUSTOMER_ID>15</CUSTOMER_ID>
  <TOTAL_PRICE>912.33</TOTAL_PRICE>
 </ROW>
 <ROW>
  <CART_ID>56</CART_ID>
  <CUSTOMER_ID>30</CUSTOMER_ID>
  <TOTAL_PRICE>413.81</TOTAL_PRICE>
 </ROW>
 <ROW>
  <CART_ID>57</CART_ID>
  <CUSTOMER_ID>6</CUSTOMER_ID>
  <TOTAL_PRICE>275.6</TOTAL_PRICE>
 </ROW>
 <ROW>
  <CART_ID>58</CART_ID>
  <CUSTOMER_ID>36</CUSTOMER_ID>
  <TOTAL_PRICE>269.86</TOTAL_PRICE>
 </ROW>
 <ROW>
  <CART_ID>59</CART_ID>
  <CUSTOMER_ID>67</CUSTOMER_ID>
  <TOTAL_PRICE>999.78</TOTAL_PRICE>
 </ROW>
 <ROW>
  <CART_ID>60</CART_ID>
  <CUSTOMER_ID>11</CUSTOMER_ID>
  <TOTAL_PRICE>559.57</TOTAL_PRICE>
 </ROW>
 <ROW>
  <CART_ID>61</CART_ID>
  <CUSTOMER_ID>46</CUSTOMER_ID>
  <TOTAL_PRICE>411.07</TOTAL_PRICE>
 </ROW>
 <ROW>
  <CART_ID>62</CART_ID>
  <CUSTOMER_ID>49</CUSTOMER_ID>
  <TOTAL_PRICE>787.17</TOTAL_PRICE>
 </ROW>
 <ROW>
  <CART_ID>63</CART_ID>
  <CUSTOMER_ID>32</CUSTOMER_ID>
  <TOTAL_PRICE>576.46</TOTAL_PRICE>
 </ROW>
 <ROW>
  <CART_ID>64</CART_ID>
  <CUSTOMER_ID>24</CUSTOMER_ID>
  <TOTAL_PRICE>22.31</TOTAL_PRICE>
 </ROW>
 <ROW>
  <CART_ID>65</CART_ID>
  <CUSTOMER_ID>4</CUSTOMER_ID>
  <TOTAL_PRICE>975.24</TOTAL_PRICE>
 </ROW>
 <ROW>
  <CART_ID>66</CART_ID>
  <CUSTOMER_ID>34</CUSTOMER_ID>
  <TOTAL_PRICE>828.29</TOTAL_PRICE>
 </ROW>
 <ROW>
  <CART_ID>67</CART_ID>
  <CUSTOMER_ID>24</CUSTOMER_ID>
  <TOTAL_PRICE>304.96</TOTAL_PRICE>
 </ROW>
 <ROW>
  <CART_ID>68</CART_ID>
  <CUSTOMER_ID>98</CUSTOMER_ID>
  <TOTAL_PRICE>996.68</TOTAL_PRICE>
 </ROW>
 <ROW>
  <CART_ID>69</CART_ID>
  <CUSTOMER_ID>83</CUSTOMER_ID>
  <TOTAL_PRICE>87.75</TOTAL_PRICE>
 </ROW>
 <ROW>
  <CART_ID>70</CART_ID>
  <CUSTOMER_ID>92</CUSTOMER_ID>
  <TOTAL_PRICE>121.9</TOTAL_PRICE>
 </ROW>
 <ROW>
  <CART_ID>71</CART_ID>
  <CUSTOMER_ID>59</CUSTOMER_ID>
  <TOTAL_PRICE>924.03</TOTAL_PRICE>
 </ROW>
 <ROW>
  <CART_ID>72</CART_ID>
  <CUSTOMER_ID>68</CUSTOMER_ID>
  <TOTAL_PRICE>192.86</TOTAL_PRICE>
 </ROW>
 <ROW>
  <CART_ID>73</CART_ID>
  <CUSTOMER_ID>44</CUSTOMER_ID>
  <TOTAL_PRICE>559.79</TOTAL_PRICE>
 </ROW>
 <ROW>
  <CART_ID>74</CART_ID>
  <CUSTOMER_ID>86</CUSTOMER_ID>
  <TOTAL_PRICE>331.23</TOTAL_PRICE>
 </ROW>
 <ROW>
  <CART_ID>75</CART_ID>
  <CUSTOMER_ID>95</CUSTOMER_ID>
  <TOTAL_PRICE>138.32</TOTAL_PRICE>
 </ROW>
 <ROW>
  <CART_ID>76</CART_ID>
  <CUSTOMER_ID>92</CUSTOMER_ID>
  <TOTAL_PRICE>91.08</TOTAL_PRICE>
 </ROW>
 <ROW>
  <CART_ID>77</CART_ID>
  <CUSTOMER_ID>88</CUSTOMER_ID>
  <TOTAL_PRICE>238.35</TOTAL_PRICE>
 </ROW>
 <ROW>
  <CART_ID>78</CART_ID>
  <CUSTOMER_ID>75</CUSTOMER_ID>
  <TOTAL_PRICE>236.6</TOTAL_PRICE>
 </ROW>
 <ROW>
  <CART_ID>79</CART_ID>
  <CUSTOMER_ID>7</CUSTOMER_ID>
  <TOTAL_PRICE>713.11</TOTAL_PRICE>
 </ROW>
 <ROW>
  <CART_ID>80</CART_ID>
  <CUSTOMER_ID>93</CUSTOMER_ID>
  <TOTAL_PRICE>309.84</TOTAL_PRICE>
 </ROW>
 <ROW>
  <CART_ID>81</CART_ID>
  <CUSTOMER_ID>57</CUSTOMER_ID>
  <TOTAL_PRICE>240.4</TOTAL_PRICE>
 </ROW>
 <ROW>
  <CART_ID>82</CART_ID>
  <CUSTOMER_ID>65</CUSTOMER_ID>
  <TOTAL_PRICE>662.83</TOTAL_PRICE>
 </ROW>
 <ROW>
  <CART_ID>83</CART_ID>
  <CUSTOMER_ID>40</CUSTOMER_ID>
  <TOTAL_PRICE>236</TOTAL_PRICE>
 </ROW>
 <ROW>
  <CART_ID>84</CART_ID>
  <CUSTOMER_ID>83</CUSTOMER_ID>
  <TOTAL_PRICE>410.93</TOTAL_PRICE>
 </ROW>
 <ROW>
  <CART_ID>85</CART_ID>
  <CUSTOMER_ID>90</CUSTOMER_ID>
  <TOTAL_PRICE>861.71</TOTAL_PRICE>
 </ROW>
 <ROW>
  <CART_ID>86</CART_ID>
  <CUSTOMER_ID>50</CUSTOMER_ID>
  <TOTAL_PRICE>748.81</TOTAL_PRICE>
 </ROW>
 <ROW>
  <CART_ID>87</CART_ID>
  <CUSTOMER_ID>46</CUSTOMER_ID>
  <TOTAL_PRICE>925.07</TOTAL_PRICE>
 </ROW>
 <ROW>
  <CART_ID>88</CART_ID>
  <CUSTOMER_ID>15</CUSTOMER_ID>
  <TOTAL_PRICE>382.33</TOTAL_PRICE>
 </ROW>
 <ROW>
  <CART_ID>89</CART_ID>
  <CUSTOMER_ID>60</CUSTOMER_ID>
  <TOTAL_PRICE>787.17</TOTAL_PRICE>
 </ROW>
 <ROW>
  <CART_ID>90</CART_ID>
  <CUSTOMER_ID>14</CUSTOMER_ID>
  <TOTAL_PRICE>242.27</TOTAL_PRICE>
 </ROW>
 <ROW>
  <CART_ID>91</CART_ID>
  <CUSTOMER_ID>52</CUSTOMER_ID>
  <TOTAL_PRICE>595.48</TOTAL_PRICE>
 </ROW>
 <ROW>
  <CART_ID>92</CART_ID>
  <CUSTOMER_ID>87</CUSTOMER_ID>
  <TOTAL_PRICE>802.41</TOTAL_PRICE>
 </ROW>
 <ROW>
  <CART_ID>93</CART_ID>
  <CUSTOMER_ID>8</CUSTOMER_ID>
  <TOTAL_PRICE>652.31</TOTAL_PRICE>
 </ROW>
 <ROW>
  <CART_ID>94</CART_ID>
  <CUSTOMER_ID>33</CUSTOMER_ID>
  <TOTAL_PRICE>95.41</TOTAL_PRICE>
 </ROW>
 <ROW>
  <CART_ID>95</CART_ID>
  <CUSTOMER_ID>74</CUSTOMER_ID>
  <TOTAL_PRICE>792.49</TOTAL_PRICE>
 </ROW>
 <ROW>
  <CART_ID>96</CART_ID>
  <CUSTOMER_ID>1</CUSTOMER_ID>
  <TOTAL_PRICE>492.91</TOTAL_PRICE>
 </ROW>
 <ROW>
  <CART_ID>97</CART_ID>
  <CUSTOMER_ID>91</CUSTOMER_ID>
  <TOTAL_PRICE>965.24</TOTAL_PRICE>
 </ROW>
 <ROW>
  <CART_ID>98</CART_ID>
  <CUSTOMER_ID>9</CUSTOMER_ID>
  <TOTAL_PRICE>196.32</TOTAL_PRICE>
 </ROW>
 <ROW>
  <CART_ID>99</CART_ID>
  <CUSTOMER_ID>18</CUSTOMER_ID>
  <TOTAL_PRICE>126.13</TOTAL_PRICE>
 </ROW>
 <ROW>
  <CART_ID>100</CART_ID>
  <CUSTOMER_ID>63</CUSTOMER_ID>
  <TOTAL_PRICE>607.31</TOTAL_PRICE>
 </ROW>
</ROWSET>
