<?xml version="1.0"?>
<ROWSET>
 <ROW>
  <CUSTOMER_ID>1</CUSTOMER_ID>
  <AGE>43</AGE>
  <ADDRESS>9187 Manitowish Way</ADDRESS>
  <CUSTOMER_NAME>Whitaker Rendall</CUSTOMER_NAME>
 </ROW>
 <ROW>
  <CUSTOMER_ID>2</CUSTOMER_ID>
  <AGE>62</AGE>
  <ADDRESS>6 Straubel Pass</ADDRESS>
  <CUSTOMER_NAME>Ransell Ellit</CUSTOMER_NAME>
 </ROW>
 <ROW>
  <CUSTOMER_ID>3</CUSTOMER_ID>
  <AGE>22</AGE>
  <ADDRESS>72 Gale Junction</ADDRESS>
  <CUSTOMER_NAME>Myrtle Elgood</CUSTOMER_NAME>
 </ROW>
 <ROW>
  <CUSTOMER_ID>4</CUSTOMER_ID>
  <AGE>64</AGE>
  <ADDRESS>0289 Forest Dale Plaza</ADDRESS>
  <CUSTOMER_NAME>Loutitia Oger</CUSTOMER_NAME>
 </ROW>
 <ROW>
  <CUSTOMER_ID>5</CUSTOMER_ID>
  <AGE>47</AGE>
  <ADDRESS>18065 Lien Street</ADDRESS>
  <CUSTOMER_NAME>Jacky Wrightim</CUSTOMER_NAME>
 </ROW>
 <ROW>
  <CUSTOMER_ID>6</CUSTOMER_ID>
  <AGE>67</AGE>
  <ADDRESS>34 Farwell Point</ADDRESS>
  <CUSTOMER_NAME>Ode Jandourek</CUSTOMER_NAME>
 </ROW>
 <ROW>
  <CUSTOMER_ID>7</CUSTOMER_ID>
  <AGE>62</AGE>
  <ADDRESS>73227 Chive Point</ADDRESS>
  <CUSTOMER_NAME>Yvor Chin</CUSTOMER_NAME>
 </ROW>
 <ROW>
  <CUSTOMER_ID>8</CUSTOMER_ID>
  <AGE>24</AGE>
  <ADDRESS>9 Lighthouse Bay Pass</ADDRESS>
  <CUSTOMER_NAME>Janice Hutfield</CUSTOMER_NAME>
 </ROW>
 <ROW>
  <CUSTOMER_ID>9</CUSTOMER_ID>
  <AGE>49</AGE>
  <ADDRESS>37 Sutteridge Circle</ADDRESS>
  <CUSTOMER_NAME>Noel Castiglio</CUSTOMER_NAME>
 </ROW>
 <ROW>
  <CUSTOMER_ID>10</CUSTOMER_ID>
  <AGE>50</AGE>
  <ADDRESS>829 Mayfield Lane</ADDRESS>
  <CUSTOMER_NAME>Blake Hanrahan</CUSTOMER_NAME>
 </ROW>
 <ROW>
  <CUSTOMER_ID>11</CUSTOMER_ID>
  <AGE>67</AGE>
  <ADDRESS>6 Clove Court</ADDRESS>
  <CUSTOMER_NAME>Berke Rape</CUSTOMER_NAME>
 </ROW>
 <ROW>
  <CUSTOMER_ID>12</CUSTOMER_ID>
  <AGE>39</AGE>
  <ADDRESS>60537 Dakota Circle</ADDRESS>
  <CUSTOMER_NAME>Delaney Coverdill</CUSTOMER_NAME>
 </ROW>
 <ROW>
  <CUSTOMER_ID>13</CUSTOMER_ID>
  <AGE>31</AGE>
  <ADDRESS>99 Lakewood Avenue</ADDRESS>
  <CUSTOMER_NAME>Elmo Kuhwald</CUSTOMER_NAME>
 </ROW>
 <ROW>
  <CUSTOMER_ID>14</CUSTOMER_ID>
  <AGE>30</AGE>
  <ADDRESS>21902 Nancy Center</ADDRESS>
  <CUSTOMER_NAME>Olin Geffinger</CUSTOMER_NAME>
 </ROW>
 <ROW>
  <CUSTOMER_ID>15</CUSTOMER_ID>
  <AGE>70</AGE>
  <ADDRESS>89 Bartelt Street</ADDRESS>
  <CUSTOMER_NAME>Anneliese Beneyto</CUSTOMER_NAME>
 </ROW>
 <ROW>
  <CUSTOMER_ID>16</CUSTOMER_ID>
  <AGE>34</AGE>
  <ADDRESS>5 Canary Drive</ADDRESS>
  <CUSTOMER_NAME>Maggy Blaiklock</CUSTOMER_NAME>
 </ROW>
 <ROW>
  <CUSTOMER_ID>17</CUSTOMER_ID>
  <AGE>62</AGE>
  <ADDRESS>6 Moland Terrace</ADDRESS>
  <CUSTOMER_NAME>Byrle Slimon</CUSTOMER_NAME>
 </ROW>
 <ROW>
  <CUSTOMER_ID>18</CUSTOMER_ID>
  <AGE>21</AGE>
  <ADDRESS>6 Northfield Road</ADDRESS>
  <CUSTOMER_NAME>Monique Cowhig</CUSTOMER_NAME>
 </ROW>
 <ROW>
  <CUSTOMER_ID>19</CUSTOMER_ID>
  <AGE>18</AGE>
  <ADDRESS>086 Manufacturers Park</ADDRESS>
  <CUSTOMER_NAME>Sloane Jonke</CUSTOMER_NAME>
 </ROW>
 <ROW>
  <CUSTOMER_ID>20</CUSTOMER_ID>
  <AGE>46</AGE>
  <ADDRESS>41 Nevada Junction</ADDRESS>
  <CUSTOMER_NAME>Marylee Inkles</CUSTOMER_NAME>
 </ROW>
 <ROW>
  <CUSTOMER_ID>21</CUSTOMER_ID>
  <AGE>32</AGE>
  <ADDRESS>26 Bobwhite Place</ADDRESS>
  <CUSTOMER_NAME>Law Buttrick</CUSTOMER_NAME>
 </ROW>
 <ROW>
  <CUSTOMER_ID>22</CUSTOMER_ID>
  <AGE>31</AGE>
  <ADDRESS>8 Sycamore Way</ADDRESS>
  <CUSTOMER_NAME>Janaye Dosdell</CUSTOMER_NAME>
 </ROW>
 <ROW>
  <CUSTOMER_ID>23</CUSTOMER_ID>
  <AGE>49</AGE>
  <ADDRESS>48884 Magdeline Road</ADDRESS>
  <CUSTOMER_NAME>Mal Scotson</CUSTOMER_NAME>
 </ROW>
 <ROW>
  <CUSTOMER_ID>24</CUSTOMER_ID>
  <AGE>50</AGE>
  <ADDRESS>3 Mallard Terrace</ADDRESS>
  <CUSTOMER_NAME>Fionnula Tulip</CUSTOMER_NAME>
 </ROW>
 <ROW>
  <CUSTOMER_ID>25</CUSTOMER_ID>
  <AGE>61</AGE>
  <ADDRESS>27 Mcguire Road</ADDRESS>
  <CUSTOMER_NAME>Athena Lurner</CUSTOMER_NAME>
 </ROW>
 <ROW>
  <CUSTOMER_ID>26</CUSTOMER_ID>
  <AGE>69</AGE>
  <ADDRESS>517 Arapahoe Pass</ADDRESS>
  <CUSTOMER_NAME>Osbourn Welland</CUSTOMER_NAME>
 </ROW>
 <ROW>
  <CUSTOMER_ID>27</CUSTOMER_ID>
  <AGE>41</AGE>
  <ADDRESS>395 Lillian Drive</ADDRESS>
  <CUSTOMER_NAME>Cody Ciccerale</CUSTOMER_NAME>
 </ROW>
 <ROW>
  <CUSTOMER_ID>28</CUSTOMER_ID>
  <AGE>25</AGE>
  <ADDRESS>10 Blue Bill Park Court</ADDRESS>
  <CUSTOMER_NAME>Phelia Dennitts</CUSTOMER_NAME>
 </ROW>
 <ROW>
  <CUSTOMER_ID>29</CUSTOMER_ID>
  <AGE>28</AGE>
  <ADDRESS>51014 Orin Crossing</ADDRESS>
  <CUSTOMER_NAME>Jemie Caffrey</CUSTOMER_NAME>
 </ROW>
 <ROW>
  <CUSTOMER_ID>30</CUSTOMER_ID>
  <AGE>57</AGE>
  <ADDRESS>0 Bunker Hill Plaza</ADDRESS>
  <CUSTOMER_NAME>Darryl Lanfranchi</CUSTOMER_NAME>
 </ROW>
 <ROW>
  <CUSTOMER_ID>31</CUSTOMER_ID>
  <AGE>66</AGE>
  <ADDRESS>53185 Milwaukee Pass</ADDRESS>
  <CUSTOMER_NAME>Price Domoni</CUSTOMER_NAME>
 </ROW>
 <ROW>
  <CUSTOMER_ID>32</CUSTOMER_ID>
  <AGE>20</AGE>
  <ADDRESS>17535 Becker Way</ADDRESS>
  <CUSTOMER_NAME>Marcela Aykroyd</CUSTOMER_NAME>
 </ROW>
 <ROW>
  <CUSTOMER_ID>33</CUSTOMER_ID>
  <AGE>34</AGE>
  <ADDRESS>1035 Dryden Terrace</ADDRESS>
  <CUSTOMER_NAME>Auria Watters</CUSTOMER_NAME>
 </ROW>
 <ROW>
  <CUSTOMER_ID>34</CUSTOMER_ID>
  <AGE>25</AGE>
  <ADDRESS>11751 Bonner Trail</ADDRESS>
  <CUSTOMER_NAME>Issiah Bane</CUSTOMER_NAME>
 </ROW>
 <ROW>
  <CUSTOMER_ID>35</CUSTOMER_ID>
  <AGE>47</AGE>
  <ADDRESS>0674 Carey Alley</ADDRESS>
  <CUSTOMER_NAME>Randene Nafzger</CUSTOMER_NAME>
 </ROW>
 <ROW>
  <CUSTOMER_ID>36</CUSTOMER_ID>
  <AGE>19</AGE>
  <ADDRESS>0619 Fairview Parkway</ADDRESS>
  <CUSTOMER_NAME>Chico Hellin</CUSTOMER_NAME>
 </ROW>
 <ROW>
  <CUSTOMER_ID>37</CUSTOMER_ID>
  <AGE>49</AGE>
  <ADDRESS>516 Harbort Park</ADDRESS>
  <CUSTOMER_NAME>Herschel Ladon</CUSTOMER_NAME>
 </ROW>
 <ROW>
  <CUSTOMER_ID>38</CUSTOMER_ID>
  <AGE>53</AGE>
  <ADDRESS>7199 Almo Terrace</ADDRESS>
  <CUSTOMER_NAME>Izaak Fallanche</CUSTOMER_NAME>
 </ROW>
 <ROW>
  <CUSTOMER_ID>39</CUSTOMER_ID>
  <AGE>52</AGE>
  <ADDRESS>992 Prairie Rose Trail</ADDRESS>
  <CUSTOMER_NAME>Kellyann Dufer</CUSTOMER_NAME>
 </ROW>
 <ROW>
  <CUSTOMER_ID>40</CUSTOMER_ID>
  <AGE>48</AGE>
  <ADDRESS>3997 Caliangt Parkway</ADDRESS>
  <CUSTOMER_NAME>Annemarie Vasilov</CUSTOMER_NAME>
 </ROW>
 <ROW>
  <CUSTOMER_ID>41</CUSTOMER_ID>
  <AGE>21</AGE>
  <ADDRESS>6752 Haas Junction</ADDRESS>
  <CUSTOMER_NAME>Barbi Vanns</CUSTOMER_NAME>
 </ROW>
 <ROW>
  <CUSTOMER_ID>42</CUSTOMER_ID>
  <AGE>29</AGE>
  <ADDRESS>019 Crest Line Way</ADDRESS>
  <CUSTOMER_NAME>Thornie Huriche</CUSTOMER_NAME>
 </ROW>
 <ROW>
  <CUSTOMER_ID>43</CUSTOMER_ID>
  <AGE>49</AGE>
  <ADDRESS>6605 Sullivan Avenue</ADDRESS>
  <CUSTOMER_NAME>Vinnie Forty</CUSTOMER_NAME>
 </ROW>
 <ROW>
  <CUSTOMER_ID>44</CUSTOMER_ID>
  <AGE>46</AGE>
  <ADDRESS>7234 Artisan Circle</ADDRESS>
  <CUSTOMER_NAME>Jeana Nowick</CUSTOMER_NAME>
 </ROW>
 <ROW>
  <CUSTOMER_ID>45</CUSTOMER_ID>
  <AGE>55</AGE>
  <ADDRESS>35 Paget Street</ADDRESS>
  <CUSTOMER_NAME>Kary Antalffy</CUSTOMER_NAME>
 </ROW>
 <ROW>
  <CUSTOMER_ID>46</CUSTOMER_ID>
  <AGE>45</AGE>
  <ADDRESS>72301 Kingsford Court</ADDRESS>
  <CUSTOMER_NAME>Cacilia Bims</CUSTOMER_NAME>
 </ROW>
 <ROW>
  <CUSTOMER_ID>47</CUSTOMER_ID>
  <AGE>27</AGE>
  <ADDRESS>0 Pankratz Court</ADDRESS>
  <CUSTOMER_NAME>Jasmine Gehrts</CUSTOMER_NAME>
 </ROW>
 <ROW>
  <CUSTOMER_ID>48</CUSTOMER_ID>
  <AGE>53</AGE>
  <ADDRESS>64 Morning Avenue</ADDRESS>
  <CUSTOMER_NAME>Reggis Mayworth</CUSTOMER_NAME>
 </ROW>
 <ROW>
  <CUSTOMER_ID>49</CUSTOMER_ID>
  <AGE>50</AGE>
  <ADDRESS>8 Dixon Road</ADDRESS>
  <CUSTOMER_NAME>Brod MacAfee</CUSTOMER_NAME>
 </ROW>
 <ROW>
  <CUSTOMER_ID>50</CUSTOMER_ID>
  <AGE>66</AGE>
  <ADDRESS>0108 Shoshone Hill</ADDRESS>
  <CUSTOMER_NAME>Margaret Scotcher</CUSTOMER_NAME>
 </ROW>
 <ROW>
  <CUSTOMER_ID>51</CUSTOMER_ID>
  <AGE>40</AGE>
  <ADDRESS>3 Almo Center</ADDRESS>
  <CUSTOMER_NAME>Gertrudis Guppie</CUSTOMER_NAME>
 </ROW>
 <ROW>
  <CUSTOMER_ID>52</CUSTOMER_ID>
  <AGE>41</AGE>
  <ADDRESS>60 Evergreen Plaza</ADDRESS>
  <CUSTOMER_NAME>Bendicty Coomes</CUSTOMER_NAME>
 </ROW>
 <ROW>
  <CUSTOMER_ID>53</CUSTOMER_ID>
  <AGE>33</AGE>
  <ADDRESS>6765 Ronald Regan Circle</ADDRESS>
  <CUSTOMER_NAME>Pris Naseby</CUSTOMER_NAME>
 </ROW>
 <ROW>
  <CUSTOMER_ID>54</CUSTOMER_ID>
  <AGE>70</AGE>
  <ADDRESS>82 Southridge Hill</ADDRESS>
  <CUSTOMER_NAME>Eirena Antonovic</CUSTOMER_NAME>
 </ROW>
 <ROW>
  <CUSTOMER_ID>55</CUSTOMER_ID>
  <AGE>26</AGE>
  <ADDRESS>82897 Vera Circle</ADDRESS>
  <CUSTOMER_NAME>Maryanne Wooff</CUSTOMER_NAME>
 </ROW>
 <ROW>
  <CUSTOMER_ID>56</CUSTOMER_ID>
  <AGE>26</AGE>
  <ADDRESS>08 Express Plaza</ADDRESS>
  <CUSTOMER_NAME>Waite Bugdale</CUSTOMER_NAME>
 </ROW>
 <ROW>
  <CUSTOMER_ID>57</CUSTOMER_ID>
  <AGE>41</AGE>
  <ADDRESS>2355 7th Court</ADDRESS>
  <CUSTOMER_NAME>Robin Greated</CUSTOMER_NAME>
 </ROW>
 <ROW>
  <CUSTOMER_ID>58</CUSTOMER_ID>
  <AGE>64</AGE>
  <ADDRESS>7979 Di Loreto Avenue</ADDRESS>
  <CUSTOMER_NAME>Clarinda Fassbindler</CUSTOMER_NAME>
 </ROW>
 <ROW>
  <CUSTOMER_ID>59</CUSTOMER_ID>
  <AGE>20</AGE>
  <ADDRESS>839 Cambridge Plaza</ADDRESS>
  <CUSTOMER_NAME>Finley Coppenhall</CUSTOMER_NAME>
 </ROW>
 <ROW>
  <CUSTOMER_ID>60</CUSTOMER_ID>
  <AGE>40</AGE>
  <ADDRESS>348 Redwing Avenue</ADDRESS>
  <CUSTOMER_NAME>Reggis Phillins</CUSTOMER_NAME>
 </ROW>
 <ROW>
  <CUSTOMER_ID>61</CUSTOMER_ID>
  <AGE>19</AGE>
  <ADDRESS>8 Boyd Trail</ADDRESS>
  <CUSTOMER_NAME>Gilbertine Bruniges</CUSTOMER_NAME>
 </ROW>
 <ROW>
  <CUSTOMER_ID>62</CUSTOMER_ID>
  <AGE>62</AGE>
  <ADDRESS>69 Ridgeway Park</ADDRESS>
  <CUSTOMER_NAME>Reece Vasentsov</CUSTOMER_NAME>
 </ROW>
 <ROW>
  <CUSTOMER_ID>63</CUSTOMER_ID>
  <AGE>56</AGE>
  <ADDRESS>1595 Clyde Gallagher Avenue</ADDRESS>
  <CUSTOMER_NAME>Breena Slemmonds</CUSTOMER_NAME>
 </ROW>
 <ROW>
  <CUSTOMER_ID>64</CUSTOMER_ID>
  <AGE>64</AGE>
  <ADDRESS>0 Golf Street</ADDRESS>
  <CUSTOMER_NAME>Kermie Bart</CUSTOMER_NAME>
 </ROW>
 <ROW>
  <CUSTOMER_ID>65</CUSTOMER_ID>
  <AGE>45</AGE>
  <ADDRESS>91769 Norway Maple Crossing</ADDRESS>
  <CUSTOMER_NAME>Sandye Geke</CUSTOMER_NAME>
 </ROW>
 <ROW>
  <CUSTOMER_ID>66</CUSTOMER_ID>
  <AGE>29</AGE>
  <ADDRESS>8135 Moulton Park</ADDRESS>
  <CUSTOMER_NAME>Cirilo O&apos;Downe</CUSTOMER_NAME>
 </ROW>
 <ROW>
  <CUSTOMER_ID>67</CUSTOMER_ID>
  <AGE>30</AGE>
  <ADDRESS>95002 Bayside Way</ADDRESS>
  <CUSTOMER_NAME>Petronille O&apos;Lenechan</CUSTOMER_NAME>
 </ROW>
 <ROW>
  <CUSTOMER_ID>68</CUSTOMER_ID>
  <AGE>68</AGE>
  <ADDRESS>25 Moulton Trail</ADDRESS>
  <CUSTOMER_NAME>Rosemaria Davydkov</CUSTOMER_NAME>
 </ROW>
 <ROW>
  <CUSTOMER_ID>69</CUSTOMER_ID>
  <AGE>66</AGE>
  <ADDRESS>5964 Kim Crossing</ADDRESS>
  <CUSTOMER_NAME>Kennith Fishly</CUSTOMER_NAME>
 </ROW>
 <ROW>
  <CUSTOMER_ID>70</CUSTOMER_ID>
  <AGE>55</AGE>
  <ADDRESS>110 Meadow Valley Hill</ADDRESS>
  <CUSTOMER_NAME>Pansie Borth</CUSTOMER_NAME>
 </ROW>
 <ROW>
  <CUSTOMER_ID>71</CUSTOMER_ID>
  <AGE>42</AGE>
  <ADDRESS>21 Emmet Pass</ADDRESS>
  <CUSTOMER_NAME>Talya Sancias</CUSTOMER_NAME>
 </ROW>
 <ROW>
  <CUSTOMER_ID>72</CUSTOMER_ID>
  <AGE>65</AGE>
  <ADDRESS>882 Homewood Court</ADDRESS>
  <CUSTOMER_NAME>Brooks Foxon</CUSTOMER_NAME>
 </ROW>
 <ROW>
  <CUSTOMER_ID>73</CUSTOMER_ID>
  <AGE>25</AGE>
  <ADDRESS>799 Iowa Pass</ADDRESS>
  <CUSTOMER_NAME>Dillie Jose</CUSTOMER_NAME>
 </ROW>
 <ROW>
  <CUSTOMER_ID>74</CUSTOMER_ID>
  <AGE>43</AGE>
  <ADDRESS>895 Steensland Avenue</ADDRESS>
  <CUSTOMER_NAME>Philly Viles</CUSTOMER_NAME>
 </ROW>
 <ROW>
  <CUSTOMER_ID>75</CUSTOMER_ID>
  <AGE>60</AGE>
  <ADDRESS>51 Grasskamp Terrace</ADDRESS>
  <CUSTOMER_NAME>Fernande Shearman</CUSTOMER_NAME>
 </ROW>
 <ROW>
  <CUSTOMER_ID>76</CUSTOMER_ID>
  <AGE>59</AGE>
  <ADDRESS>791 Northridge Circle</ADDRESS>
  <CUSTOMER_NAME>Kiley MacGaffey</CUSTOMER_NAME>
 </ROW>
 <ROW>
  <CUSTOMER_ID>77</CUSTOMER_ID>
  <AGE>21</AGE>
  <ADDRESS>3804 Crownhardt Pass</ADDRESS>
  <CUSTOMER_NAME>Jesus Laird-Craig</CUSTOMER_NAME>
 </ROW>
 <ROW>
  <CUSTOMER_ID>78</CUSTOMER_ID>
  <AGE>38</AGE>
  <ADDRESS>3883 Calypso Road</ADDRESS>
  <CUSTOMER_NAME>Eloise Eudall</CUSTOMER_NAME>
 </ROW>
 <ROW>
  <CUSTOMER_ID>79</CUSTOMER_ID>
  <AGE>54</AGE>
  <ADDRESS>4387 Stephen Avenue</ADDRESS>
  <CUSTOMER_NAME>Alfie Shallcrass</CUSTOMER_NAME>
 </ROW>
 <ROW>
  <CUSTOMER_ID>80</CUSTOMER_ID>
  <AGE>42</AGE>
  <ADDRESS>05 Arapahoe Lane</ADDRESS>
  <CUSTOMER_NAME>Ole Dudding</CUSTOMER_NAME>
 </ROW>
 <ROW>
  <CUSTOMER_ID>81</CUSTOMER_ID>
  <AGE>55</AGE>
  <ADDRESS>2 Main Park</ADDRESS>
  <CUSTOMER_NAME>Filmore Major</CUSTOMER_NAME>
 </ROW>
 <ROW>
  <CUSTOMER_ID>82</CUSTOMER_ID>
  <AGE>69</AGE>
  <ADDRESS>49910 East Point</ADDRESS>
  <CUSTOMER_NAME>Cobb MacEntee</CUSTOMER_NAME>
 </ROW>
 <ROW>
  <CUSTOMER_ID>83</CUSTOMER_ID>
  <AGE>26</AGE>
  <ADDRESS>8843 Mcbride Terrace</ADDRESS>
  <CUSTOMER_NAME>Eduardo Overshott</CUSTOMER_NAME>
 </ROW>
 <ROW>
  <CUSTOMER_ID>84</CUSTOMER_ID>
  <AGE>43</AGE>
  <ADDRESS>029 Gateway Lane</ADDRESS>
  <CUSTOMER_NAME>Vic Knappett</CUSTOMER_NAME>
 </ROW>
 <ROW>
  <CUSTOMER_ID>85</CUSTOMER_ID>
  <AGE>62</AGE>
  <ADDRESS>7 Fallview Plaza</ADDRESS>
  <CUSTOMER_NAME>Malchy Moffet</CUSTOMER_NAME>
 </ROW>
 <ROW>
  <CUSTOMER_ID>86</CUSTOMER_ID>
  <AGE>63</AGE>
  <ADDRESS>0396 Badeau Road</ADDRESS>
  <CUSTOMER_NAME>Maddie MacGaffey</CUSTOMER_NAME>
 </ROW>
 <ROW>
  <CUSTOMER_ID>87</CUSTOMER_ID>
  <AGE>35</AGE>
  <ADDRESS>196 Crownhardt Way</ADDRESS>
  <CUSTOMER_NAME>Kiele Meeland</CUSTOMER_NAME>
 </ROW>
 <ROW>
  <CUSTOMER_ID>88</CUSTOMER_ID>
  <AGE>67</AGE>
  <ADDRESS>099 Burning Wood Alley</ADDRESS>
  <CUSTOMER_NAME>Hilary Guilleton</CUSTOMER_NAME>
 </ROW>
 <ROW>
  <CUSTOMER_ID>89</CUSTOMER_ID>
  <AGE>64</AGE>
  <ADDRESS>1 Erie Junction</ADDRESS>
  <CUSTOMER_NAME>Glenine Duckels</CUSTOMER_NAME>
 </ROW>
 <ROW>
  <CUSTOMER_ID>90</CUSTOMER_ID>
  <AGE>40</AGE>
  <ADDRESS>509 Maryland Hill</ADDRESS>
  <CUSTOMER_NAME>Jedediah McSharry</CUSTOMER_NAME>
 </ROW>
 <ROW>
  <CUSTOMER_ID>91</CUSTOMER_ID>
  <AGE>35</AGE>
  <ADDRESS>786 Buhler Trail</ADDRESS>
  <CUSTOMER_NAME>Rosemarie Greve</CUSTOMER_NAME>
 </ROW>
 <ROW>
  <CUSTOMER_ID>92</CUSTOMER_ID>
  <AGE>25</AGE>
  <ADDRESS>3 Northwestern Park</ADDRESS>
  <CUSTOMER_NAME>Allianora Ashenhurst</CUSTOMER_NAME>
 </ROW>
 <ROW>
  <CUSTOMER_ID>93</CUSTOMER_ID>
  <AGE>36</AGE>
  <ADDRESS>6731 Mifflin Trail</ADDRESS>
  <CUSTOMER_NAME>Eberto Wixey</CUSTOMER_NAME>
 </ROW>
 <ROW>
  <CUSTOMER_ID>94</CUSTOMER_ID>
  <AGE>64</AGE>
  <ADDRESS>64549 Sunfield Point</ADDRESS>
  <CUSTOMER_NAME>Jori Pimley</CUSTOMER_NAME>
 </ROW>
 <ROW>
  <CUSTOMER_ID>95</CUSTOMER_ID>
  <AGE>49</AGE>
  <ADDRESS>49859 Bluestem Trail</ADDRESS>
  <CUSTOMER_NAME>Emmerich Pitney</CUSTOMER_NAME>
 </ROW>
 <ROW>
  <CUSTOMER_ID>96</CUSTOMER_ID>
  <AGE>43</AGE>
  <ADDRESS>44005 South Lane</ADDRESS>
  <CUSTOMER_NAME>Homere Grubb</CUSTOMER_NAME>
 </ROW>
 <ROW>
  <CUSTOMER_ID>97</CUSTOMER_ID>
  <AGE>30</AGE>
  <ADDRESS>619 Spaight Hill</ADDRESS>
  <CUSTOMER_NAME>Catarina Beardshall</CUSTOMER_NAME>
 </ROW>
 <ROW>
  <CUSTOMER_ID>98</CUSTOMER_ID>
  <AGE>66</AGE>
  <ADDRESS>4925 Oakridge Crossing</ADDRESS>
  <CUSTOMER_NAME>Kimmy Triplett</CUSTOMER_NAME>
 </ROW>
 <ROW>
  <CUSTOMER_ID>99</CUSTOMER_ID>
  <AGE>57</AGE>
  <ADDRESS>06591 Russell Point</ADDRESS>
  <CUSTOMER_NAME>Parry Pischoff</CUSTOMER_NAME>
 </ROW>
 <ROW>
  <CUSTOMER_ID>100</CUSTOMER_ID>
  <AGE>31</AGE>
  <ADDRESS>72 Lighthouse Bay Plaza</ADDRESS>
  <CUSTOMER_NAME>Thayne Gasgarth</CUSTOMER_NAME>
 </ROW>
</ROWSET>
