<?xml version="1.0"?>
<ROWSET>
 <ROW>
  <EMPLOYEE_ID>1</EMPLOYEE_ID>
  <EMPLOYEE_NAME>Bellina Mouse</EMPLOYEE_NAME>
  <TITLE>54</TITLE>
  <SALARY>7900</SALARY>
 </ROW>
 <ROW>
  <EMPLOYEE_ID>2</EMPLOYEE_ID>
  <EMPLOYEE_NAME>Rolando Hamman</EMPLOYEE_NAME>
  <TITLE>46</TITLE>
  <SALARY>8166</SALARY>
 </ROW>
 <ROW>
  <EMPLOYEE_ID>3</EMPLOYEE_ID>
  <EMPLOYEE_NAME>Jacquette Jedrzejewsky</EMPLOYEE_NAME>
  <TITLE>49</TITLE>
  <SALARY>2588</SALARY>
 </ROW>
 <ROW>
  <EMPLOYEE_ID>4</EMPLOYEE_ID>
  <EMPLOYEE_NAME>Lilias Lockart</EMPLOYEE_NAME>
  <TITLE>56</TITLE>
  <SALARY>3008</SALARY>
 </ROW>
 <ROW>
  <EMPLOYEE_ID>5</EMPLOYEE_ID>
  <EMPLOYEE_NAME>Elbertine Perkin</EMPLOYEE_NAME>
  <TITLE>49</TITLE>
  <SALARY>9279</SALARY>
 </ROW>
 <ROW>
  <EMPLOYEE_ID>6</EMPLOYEE_ID>
  <EMPLOYEE_NAME>Deni Birch</EMPLOYEE_NAME>
  <TITLE>49</TITLE>
  <SALARY>3829</SALARY>
 </ROW>
 <ROW>
  <EMPLOYEE_ID>7</EMPLOYEE_ID>
  <EMPLOYEE_NAME>Frieda Gilliat</EMPLOYEE_NAME>
  <TITLE>23</TITLE>
  <SALARY>4901</SALARY>
 </ROW>
 <ROW>
  <EMPLOYEE_ID>8</EMPLOYEE_ID>
  <EMPLOYEE_NAME>Olivero O&apos;Reagan</EMPLOYEE_NAME>
  <TITLE>36</TITLE>
  <SALARY>7363</SALARY>
 </ROW>
 <ROW>
  <EMPLOYEE_ID>9</EMPLOYEE_ID>
  <EMPLOYEE_NAME>Karlen Andren</EMPLOYEE_NAME>
  <TITLE>21</TITLE>
  <SALARY>6789</SALARY>
 </ROW>
 <ROW>
  <EMPLOYEE_ID>10</EMPLOYEE_ID>
  <EMPLOYEE_NAME>Consuelo Paolucci</EMPLOYEE_NAME>
  <TITLE>33</TITLE>
  <SALARY>7282</SALARY>
 </ROW>
 <ROW>
  <EMPLOYEE_ID>11</EMPLOYEE_ID>
  <EMPLOYEE_NAME>Reuven Lamberto</EMPLOYEE_NAME>
  <TITLE>44</TITLE>
  <SALARY>4871</SALARY>
 </ROW>
 <ROW>
  <EMPLOYEE_ID>12</EMPLOYEE_ID>
  <EMPLOYEE_NAME>Madelena Hanscome</EMPLOYEE_NAME>
  <TITLE>26</TITLE>
  <SALARY>8725</SALARY>
 </ROW>
 <ROW>
  <EMPLOYEE_ID>13</EMPLOYEE_ID>
  <EMPLOYEE_NAME>Lissi Beazleigh</EMPLOYEE_NAME>
  <TITLE>67</TITLE>
  <SALARY>7006</SALARY>
 </ROW>
 <ROW>
  <EMPLOYEE_ID>14</EMPLOYEE_ID>
  <EMPLOYEE_NAME>Thain Tavernor</EMPLOYEE_NAME>
  <TITLE>30</TITLE>
  <SALARY>2285</SALARY>
 </ROW>
 <ROW>
  <EMPLOYEE_ID>15</EMPLOYEE_ID>
  <EMPLOYEE_NAME>Krystyna Prestland</EMPLOYEE_NAME>
  <TITLE>55</TITLE>
  <SALARY>2343</SALARY>
 </ROW>
 <ROW>
  <EMPLOYEE_ID>16</EMPLOYEE_ID>
  <EMPLOYEE_NAME>Kimmy Syfax</EMPLOYEE_NAME>
  <TITLE>60</TITLE>
  <SALARY>5524</SALARY>
 </ROW>
 <ROW>
  <EMPLOYEE_ID>17</EMPLOYEE_ID>
  <EMPLOYEE_NAME>Prudy Walsom</EMPLOYEE_NAME>
  <TITLE>27</TITLE>
  <SALARY>4707</SALARY>
 </ROW>
 <ROW>
  <EMPLOYEE_ID>18</EMPLOYEE_ID>
  <EMPLOYEE_NAME>Guillaume Duplan</EMPLOYEE_NAME>
  <TITLE>60</TITLE>
  <SALARY>7922</SALARY>
 </ROW>
 <ROW>
  <EMPLOYEE_ID>19</EMPLOYEE_ID>
  <EMPLOYEE_NAME>Giovanna Yeo</EMPLOYEE_NAME>
  <TITLE>52</TITLE>
  <SALARY>5769</SALARY>
 </ROW>
 <ROW>
  <EMPLOYEE_ID>20</EMPLOYEE_ID>
  <EMPLOYEE_NAME>Jinny Hubert</EMPLOYEE_NAME>
  <TITLE>49</TITLE>
  <SALARY>8376</SALARY>
 </ROW>
 <ROW>
  <EMPLOYEE_ID>21</EMPLOYEE_ID>
  <EMPLOYEE_NAME>Nerta Doge</EMPLOYEE_NAME>
  <TITLE>37</TITLE>
  <SALARY>5668</SALARY>
 </ROW>
 <ROW>
  <EMPLOYEE_ID>22</EMPLOYEE_ID>
  <EMPLOYEE_NAME>Matthiew Tomich</EMPLOYEE_NAME>
  <TITLE>37</TITLE>
  <SALARY>8667</SALARY>
 </ROW>
 <ROW>
  <EMPLOYEE_ID>23</EMPLOYEE_ID>
  <EMPLOYEE_NAME>Helaina Clash</EMPLOYEE_NAME>
  <TITLE>69</TITLE>
  <SALARY>6596</SALARY>
 </ROW>
 <ROW>
  <EMPLOYEE_ID>24</EMPLOYEE_ID>
  <EMPLOYEE_NAME>Olive Seargeant</EMPLOYEE_NAME>
  <TITLE>45</TITLE>
  <SALARY>1204</SALARY>
 </ROW>
 <ROW>
  <EMPLOYEE_ID>25</EMPLOYEE_ID>
  <EMPLOYEE_NAME>Delmar Boat</EMPLOYEE_NAME>
  <TITLE>51</TITLE>
  <SALARY>2278</SALARY>
 </ROW>
 <ROW>
  <EMPLOYEE_ID>26</EMPLOYEE_ID>
  <EMPLOYEE_NAME>Denise Gateley</EMPLOYEE_NAME>
  <TITLE>20</TITLE>
  <SALARY>5087</SALARY>
 </ROW>
 <ROW>
  <EMPLOYEE_ID>27</EMPLOYEE_ID>
  <EMPLOYEE_NAME>Toiboid Ballham</EMPLOYEE_NAME>
  <TITLE>48</TITLE>
  <SALARY>5867</SALARY>
 </ROW>
 <ROW>
  <EMPLOYEE_ID>28</EMPLOYEE_ID>
  <EMPLOYEE_NAME>Revkah Blaise</EMPLOYEE_NAME>
  <TITLE>64</TITLE>
  <SALARY>7342</SALARY>
 </ROW>
 <ROW>
  <EMPLOYEE_ID>29</EMPLOYEE_ID>
  <EMPLOYEE_NAME>Welch McKinnon</EMPLOYEE_NAME>
  <TITLE>54</TITLE>
  <SALARY>5850</SALARY>
 </ROW>
 <ROW>
  <EMPLOYEE_ID>30</EMPLOYEE_ID>
  <EMPLOYEE_NAME>Daven Ragbourne</EMPLOYEE_NAME>
  <TITLE>35</TITLE>
  <SALARY>1922</SALARY>
 </ROW>
 <ROW>
  <EMPLOYEE_ID>31</EMPLOYEE_ID>
  <EMPLOYEE_NAME>Clemence Wallbrook</EMPLOYEE_NAME>
  <TITLE>66</TITLE>
  <SALARY>9065</SALARY>
 </ROW>
 <ROW>
  <EMPLOYEE_ID>32</EMPLOYEE_ID>
  <EMPLOYEE_NAME>Arlyn Gornar</EMPLOYEE_NAME>
  <TITLE>60</TITLE>
  <SALARY>9055</SALARY>
 </ROW>
 <ROW>
  <EMPLOYEE_ID>33</EMPLOYEE_ID>
  <EMPLOYEE_NAME>Orv McDyer</EMPLOYEE_NAME>
  <TITLE>34</TITLE>
  <SALARY>5335</SALARY>
 </ROW>
 <ROW>
  <EMPLOYEE_ID>34</EMPLOYEE_ID>
  <EMPLOYEE_NAME>Joice Delacourt</EMPLOYEE_NAME>
  <TITLE>31</TITLE>
  <SALARY>4599</SALARY>
 </ROW>
 <ROW>
  <EMPLOYEE_ID>35</EMPLOYEE_ID>
  <EMPLOYEE_NAME>Claude Canner</EMPLOYEE_NAME>
  <TITLE>69</TITLE>
  <SALARY>4767</SALARY>
 </ROW>
 <ROW>
  <EMPLOYEE_ID>36</EMPLOYEE_ID>
  <EMPLOYEE_NAME>Brandice Benezet</EMPLOYEE_NAME>
  <TITLE>64</TITLE>
  <SALARY>6042</SALARY>
 </ROW>
 <ROW>
  <EMPLOYEE_ID>37</EMPLOYEE_ID>
  <EMPLOYEE_NAME>Helge Liles</EMPLOYEE_NAME>
  <TITLE>44</TITLE>
  <SALARY>3131</SALARY>
 </ROW>
 <ROW>
  <EMPLOYEE_ID>38</EMPLOYEE_ID>
  <EMPLOYEE_NAME>Margaux Karlmann</EMPLOYEE_NAME>
  <TITLE>22</TITLE>
  <SALARY>4933</SALARY>
 </ROW>
 <ROW>
  <EMPLOYEE_ID>39</EMPLOYEE_ID>
  <EMPLOYEE_NAME>Ellissa Kleis</EMPLOYEE_NAME>
  <TITLE>32</TITLE>
  <SALARY>1627</SALARY>
 </ROW>
 <ROW>
  <EMPLOYEE_ID>40</EMPLOYEE_ID>
  <EMPLOYEE_NAME>Olva Strood</EMPLOYEE_NAME>
  <TITLE>55</TITLE>
  <SALARY>7530</SALARY>
 </ROW>
 <ROW>
  <EMPLOYEE_ID>41</EMPLOYEE_ID>
  <EMPLOYEE_NAME>Timofei Gilbertson</EMPLOYEE_NAME>
  <TITLE>54</TITLE>
  <SALARY>4182</SALARY>
 </ROW>
 <ROW>
  <EMPLOYEE_ID>42</EMPLOYEE_ID>
  <EMPLOYEE_NAME>Rici McGillivrie</EMPLOYEE_NAME>
  <TITLE>37</TITLE>
  <SALARY>4263</SALARY>
 </ROW>
 <ROW>
  <EMPLOYEE_ID>43</EMPLOYEE_ID>
  <EMPLOYEE_NAME>Ardenia Loudyan</EMPLOYEE_NAME>
  <TITLE>58</TITLE>
  <SALARY>1312</SALARY>
 </ROW>
 <ROW>
  <EMPLOYEE_ID>44</EMPLOYEE_ID>
  <EMPLOYEE_NAME>Patricio Joul</EMPLOYEE_NAME>
  <TITLE>41</TITLE>
  <SALARY>5236</SALARY>
 </ROW>
 <ROW>
  <EMPLOYEE_ID>45</EMPLOYEE_ID>
  <EMPLOYEE_NAME>Drake Drayson</EMPLOYEE_NAME>
  <TITLE>25</TITLE>
  <SALARY>8161</SALARY>
 </ROW>
 <ROW>
  <EMPLOYEE_ID>46</EMPLOYEE_ID>
  <EMPLOYEE_NAME>Elsinore Danford</EMPLOYEE_NAME>
  <TITLE>33</TITLE>
  <SALARY>5690</SALARY>
 </ROW>
 <ROW>
  <EMPLOYEE_ID>47</EMPLOYEE_ID>
  <EMPLOYEE_NAME>Donnie Runnett</EMPLOYEE_NAME>
  <TITLE>69</TITLE>
  <SALARY>1959</SALARY>
 </ROW>
 <ROW>
  <EMPLOYEE_ID>48</EMPLOYEE_ID>
  <EMPLOYEE_NAME>Rafa Petchey</EMPLOYEE_NAME>
  <TITLE>56</TITLE>
  <SALARY>7466</SALARY>
 </ROW>
 <ROW>
  <EMPLOYEE_ID>49</EMPLOYEE_ID>
  <EMPLOYEE_NAME>Clementius Skeeles</EMPLOYEE_NAME>
  <TITLE>37</TITLE>
  <SALARY>7370</SALARY>
 </ROW>
 <ROW>
  <EMPLOYEE_ID>50</EMPLOYEE_ID>
  <EMPLOYEE_NAME>Penelopa Dury</EMPLOYEE_NAME>
  <TITLE>25</TITLE>
  <SALARY>6979</SALARY>
 </ROW>
 <ROW>
  <EMPLOYEE_ID>51</EMPLOYEE_ID>
  <EMPLOYEE_NAME>Elyn Crambie</EMPLOYEE_NAME>
  <TITLE>62</TITLE>
  <SALARY>2604</SALARY>
 </ROW>
 <ROW>
  <EMPLOYEE_ID>52</EMPLOYEE_ID>
  <EMPLOYEE_NAME>Karlis Malatalant</EMPLOYEE_NAME>
  <TITLE>30</TITLE>
  <SALARY>8368</SALARY>
 </ROW>
 <ROW>
  <EMPLOYEE_ID>53</EMPLOYEE_ID>
  <EMPLOYEE_NAME>Cristi Dowsett</EMPLOYEE_NAME>
  <TITLE>18</TITLE>
  <SALARY>3754</SALARY>
 </ROW>
 <ROW>
  <EMPLOYEE_ID>54</EMPLOYEE_ID>
  <EMPLOYEE_NAME>Gwyneth Beharrell</EMPLOYEE_NAME>
  <TITLE>21</TITLE>
  <SALARY>8217</SALARY>
 </ROW>
 <ROW>
  <EMPLOYEE_ID>55</EMPLOYEE_ID>
  <EMPLOYEE_NAME>Gradey Chambers</EMPLOYEE_NAME>
  <TITLE>30</TITLE>
  <SALARY>2688</SALARY>
 </ROW>
 <ROW>
  <EMPLOYEE_ID>56</EMPLOYEE_ID>
  <EMPLOYEE_NAME>Hamel Jans</EMPLOYEE_NAME>
  <TITLE>34</TITLE>
  <SALARY>6391</SALARY>
 </ROW>
 <ROW>
  <EMPLOYEE_ID>57</EMPLOYEE_ID>
  <EMPLOYEE_NAME>Terese Du Pre</EMPLOYEE_NAME>
  <TITLE>25</TITLE>
  <SALARY>6855</SALARY>
 </ROW>
 <ROW>
  <EMPLOYEE_ID>58</EMPLOYEE_ID>
  <EMPLOYEE_NAME>Ralph Carwithim</EMPLOYEE_NAME>
  <TITLE>35</TITLE>
  <SALARY>7295</SALARY>
 </ROW>
 <ROW>
  <EMPLOYEE_ID>59</EMPLOYEE_ID>
  <EMPLOYEE_NAME>Zacharias Monery</EMPLOYEE_NAME>
  <TITLE>53</TITLE>
  <SALARY>5060</SALARY>
 </ROW>
 <ROW>
  <EMPLOYEE_ID>60</EMPLOYEE_ID>
  <EMPLOYEE_NAME>Carmine Allpress</EMPLOYEE_NAME>
  <TITLE>69</TITLE>
  <SALARY>5203</SALARY>
 </ROW>
 <ROW>
  <EMPLOYEE_ID>61</EMPLOYEE_ID>
  <EMPLOYEE_NAME>Armin Stidson</EMPLOYEE_NAME>
  <TITLE>24</TITLE>
  <SALARY>5577</SALARY>
 </ROW>
 <ROW>
  <EMPLOYEE_ID>62</EMPLOYEE_ID>
  <EMPLOYEE_NAME>Elvina MacArdle</EMPLOYEE_NAME>
  <TITLE>49</TITLE>
  <SALARY>6901</SALARY>
 </ROW>
 <ROW>
  <EMPLOYEE_ID>63</EMPLOYEE_ID>
  <EMPLOYEE_NAME>Emlyn Lemmens</EMPLOYEE_NAME>
  <TITLE>68</TITLE>
  <SALARY>5613</SALARY>
 </ROW>
 <ROW>
  <EMPLOYEE_ID>64</EMPLOYEE_ID>
  <EMPLOYEE_NAME>Dolph Coakley</EMPLOYEE_NAME>
  <TITLE>43</TITLE>
  <SALARY>6431</SALARY>
 </ROW>
 <ROW>
  <EMPLOYEE_ID>65</EMPLOYEE_ID>
  <EMPLOYEE_NAME>Alika Silson</EMPLOYEE_NAME>
  <TITLE>27</TITLE>
  <SALARY>8811</SALARY>
 </ROW>
 <ROW>
  <EMPLOYEE_ID>66</EMPLOYEE_ID>
  <EMPLOYEE_NAME>Royal Warratt</EMPLOYEE_NAME>
  <TITLE>59</TITLE>
  <SALARY>5841</SALARY>
 </ROW>
 <ROW>
  <EMPLOYEE_ID>67</EMPLOYEE_ID>
  <EMPLOYEE_NAME>Bendicty Berthod</EMPLOYEE_NAME>
  <TITLE>44</TITLE>
  <SALARY>5873</SALARY>
 </ROW>
 <ROW>
  <EMPLOYEE_ID>68</EMPLOYEE_ID>
  <EMPLOYEE_NAME>Falito Alliker</EMPLOYEE_NAME>
  <TITLE>30</TITLE>
  <SALARY>4852</SALARY>
 </ROW>
 <ROW>
  <EMPLOYEE_ID>69</EMPLOYEE_ID>
  <EMPLOYEE_NAME>Otha Pond</EMPLOYEE_NAME>
  <TITLE>50</TITLE>
  <SALARY>4276</SALARY>
 </ROW>
 <ROW>
  <EMPLOYEE_ID>70</EMPLOYEE_ID>
  <EMPLOYEE_NAME>Lurleen Strover</EMPLOYEE_NAME>
  <TITLE>64</TITLE>
  <SALARY>4799</SALARY>
 </ROW>
 <ROW>
  <EMPLOYEE_ID>71</EMPLOYEE_ID>
  <EMPLOYEE_NAME>Justis Richardsson</EMPLOYEE_NAME>
  <TITLE>39</TITLE>
  <SALARY>7277</SALARY>
 </ROW>
 <ROW>
  <EMPLOYEE_ID>72</EMPLOYEE_ID>
  <EMPLOYEE_NAME>Rubetta Arnaudet</EMPLOYEE_NAME>
  <TITLE>53</TITLE>
  <SALARY>5509</SALARY>
 </ROW>
 <ROW>
  <EMPLOYEE_ID>73</EMPLOYEE_ID>
  <EMPLOYEE_NAME>Tommy Ditter</EMPLOYEE_NAME>
  <TITLE>36</TITLE>
  <SALARY>5636</SALARY>
 </ROW>
 <ROW>
  <EMPLOYEE_ID>74</EMPLOYEE_ID>
  <EMPLOYEE_NAME>Irwin Hallam</EMPLOYEE_NAME>
  <TITLE>52</TITLE>
  <SALARY>4816</SALARY>
 </ROW>
 <ROW>
  <EMPLOYEE_ID>75</EMPLOYEE_ID>
  <EMPLOYEE_NAME>Torey Jansky</EMPLOYEE_NAME>
  <TITLE>37</TITLE>
  <SALARY>4229</SALARY>
 </ROW>
 <ROW>
  <EMPLOYEE_ID>76</EMPLOYEE_ID>
  <EMPLOYEE_NAME>Ginger Stops</EMPLOYEE_NAME>
  <TITLE>39</TITLE>
  <SALARY>8531</SALARY>
 </ROW>
 <ROW>
  <EMPLOYEE_ID>77</EMPLOYEE_ID>
  <EMPLOYEE_NAME>Codi Harnor</EMPLOYEE_NAME>
  <TITLE>23</TITLE>
  <SALARY>4387</SALARY>
 </ROW>
 <ROW>
  <EMPLOYEE_ID>78</EMPLOYEE_ID>
  <EMPLOYEE_NAME>Myles Iverson</EMPLOYEE_NAME>
  <TITLE>34</TITLE>
  <SALARY>2189</SALARY>
 </ROW>
 <ROW>
  <EMPLOYEE_ID>79</EMPLOYEE_ID>
  <EMPLOYEE_NAME>Padriac Bettenson</EMPLOYEE_NAME>
  <TITLE>31</TITLE>
  <SALARY>8198</SALARY>
 </ROW>
 <ROW>
  <EMPLOYEE_ID>80</EMPLOYEE_ID>
  <EMPLOYEE_NAME>Sax L&apos; Estrange</EMPLOYEE_NAME>
  <TITLE>35</TITLE>
  <SALARY>8604</SALARY>
 </ROW>
 <ROW>
  <EMPLOYEE_ID>81</EMPLOYEE_ID>
  <EMPLOYEE_NAME>Sidnee Biggadike</EMPLOYEE_NAME>
  <TITLE>65</TITLE>
  <SALARY>6736</SALARY>
 </ROW>
 <ROW>
  <EMPLOYEE_ID>82</EMPLOYEE_ID>
  <EMPLOYEE_NAME>Morena Willman</EMPLOYEE_NAME>
  <TITLE>46</TITLE>
  <SALARY>4648</SALARY>
 </ROW>
 <ROW>
  <EMPLOYEE_ID>83</EMPLOYEE_ID>
  <EMPLOYEE_NAME>Morgan Utteridge</EMPLOYEE_NAME>
  <TITLE>42</TITLE>
  <SALARY>2037</SALARY>
 </ROW>
 <ROW>
  <EMPLOYEE_ID>84</EMPLOYEE_ID>
  <EMPLOYEE_NAME>Tiphany Binley</EMPLOYEE_NAME>
  <TITLE>47</TITLE>
  <SALARY>5931</SALARY>
 </ROW>
 <ROW>
  <EMPLOYEE_ID>85</EMPLOYEE_ID>
  <EMPLOYEE_NAME>Petronille Nottingam</EMPLOYEE_NAME>
  <TITLE>57</TITLE>
  <SALARY>6815</SALARY>
 </ROW>
 <ROW>
  <EMPLOYEE_ID>86</EMPLOYEE_ID>
  <EMPLOYEE_NAME>Ken Sigert</EMPLOYEE_NAME>
  <TITLE>61</TITLE>
  <SALARY>5391</SALARY>
 </ROW>
 <ROW>
  <EMPLOYEE_ID>87</EMPLOYEE_ID>
  <EMPLOYEE_NAME>Hersch Bienvenu</EMPLOYEE_NAME>
  <TITLE>60</TITLE>
  <SALARY>6737</SALARY>
 </ROW>
 <ROW>
  <EMPLOYEE_ID>88</EMPLOYEE_ID>
  <EMPLOYEE_NAME>Tate Thiese</EMPLOYEE_NAME>
  <TITLE>53</TITLE>
  <SALARY>4535</SALARY>
 </ROW>
 <ROW>
  <EMPLOYEE_ID>89</EMPLOYEE_ID>
  <EMPLOYEE_NAME>Leigh Parlatt</EMPLOYEE_NAME>
  <TITLE>59</TITLE>
  <SALARY>8575</SALARY>
 </ROW>
 <ROW>
  <EMPLOYEE_ID>90</EMPLOYEE_ID>
  <EMPLOYEE_NAME>Bethena Braywood</EMPLOYEE_NAME>
  <TITLE>50</TITLE>
  <SALARY>9148</SALARY>
 </ROW>
 <ROW>
  <EMPLOYEE_ID>91</EMPLOYEE_ID>
  <EMPLOYEE_NAME>Milzie Taill</EMPLOYEE_NAME>
  <TITLE>21</TITLE>
  <SALARY>3447</SALARY>
 </ROW>
 <ROW>
  <EMPLOYEE_ID>92</EMPLOYEE_ID>
  <EMPLOYEE_NAME>Ema Tomkies</EMPLOYEE_NAME>
  <TITLE>25</TITLE>
  <SALARY>4733</SALARY>
 </ROW>
 <ROW>
  <EMPLOYEE_ID>93</EMPLOYEE_ID>
  <EMPLOYEE_NAME>Gale Spohrmann</EMPLOYEE_NAME>
  <TITLE>68</TITLE>
  <SALARY>9800</SALARY>
 </ROW>
 <ROW>
  <EMPLOYEE_ID>94</EMPLOYEE_ID>
  <EMPLOYEE_NAME>Jasmina Devaney</EMPLOYEE_NAME>
  <TITLE>42</TITLE>
  <SALARY>2221</SALARY>
 </ROW>
 <ROW>
  <EMPLOYEE_ID>95</EMPLOYEE_ID>
  <EMPLOYEE_NAME>Bart Hradsky</EMPLOYEE_NAME>
  <TITLE>60</TITLE>
  <SALARY>1051</SALARY>
 </ROW>
 <ROW>
  <EMPLOYEE_ID>96</EMPLOYEE_ID>
  <EMPLOYEE_NAME>Katrina Ponter</EMPLOYEE_NAME>
  <TITLE>55</TITLE>
  <SALARY>4989</SALARY>
 </ROW>
 <ROW>
  <EMPLOYEE_ID>97</EMPLOYEE_ID>
  <EMPLOYEE_NAME>Jeni Haydney</EMPLOYEE_NAME>
  <TITLE>19</TITLE>
  <SALARY>2531</SALARY>
 </ROW>
 <ROW>
  <EMPLOYEE_ID>98</EMPLOYEE_ID>
  <EMPLOYEE_NAME>Bear Poynter</EMPLOYEE_NAME>
  <TITLE>22</TITLE>
  <SALARY>5832</SALARY>
 </ROW>
 <ROW>
  <EMPLOYEE_ID>99</EMPLOYEE_ID>
  <EMPLOYEE_NAME>Gregorius Schenkel</EMPLOYEE_NAME>
  <TITLE>65</TITLE>
  <SALARY>4095</SALARY>
 </ROW>
 <ROW>
  <EMPLOYEE_ID>100</EMPLOYEE_ID>
  <EMPLOYEE_NAME>Rip Gimblet</EMPLOYEE_NAME>
  <TITLE>28</TITLE>
  <SALARY>1496</SALARY>
 </ROW>
</ROWSET>
