<?xml version="1.0"?>
<ROWSET>
 <ROW>
  <GENRE_ID>1</GENRE_ID>
  <GENRE>Animation</GENRE>
  <AGE_GROUP>for children</AGE_GROUP>
 </ROW>
 <ROW>
  <GENRE_ID>2</GENRE_ID>
  <GENRE>Drama</GENRE>
  <AGE_GROUP>for adults</AGE_GROUP>
 </ROW>
 <ROW>
  <GENRE_ID>3</GENRE_ID>
  <GENRE>Comedy</GENRE>
  <AGE_GROUP>no restrictions</AGE_GROUP>
 </ROW>
 <ROW>
  <GENRE_ID>4</GENRE_ID>
  <GENRE>Sci-Fi</GENRE>
  <AGE_GROUP>no restrictions</AGE_GROUP>
 </ROW>
 <ROW>
  <GENRE_ID>5</GENRE_ID>
  <GENRE>War</GENRE>
  <AGE_GROUP>for adults</AGE_GROUP>
 </ROW>
 <ROW>
  <GENRE_ID>6</GENRE_ID>
  <GENRE>Adventure</GENRE>
  <AGE_GROUP>for children</AGE_GROUP>
 </ROW>
 <ROW>
  <GENRE_ID>7</GENRE_ID>
  <GENRE>Romance</GENRE>
  <AGE_GROUP>no restrictions</AGE_GROUP>
 </ROW>
 <ROW>
  <GENRE_ID>8</GENRE_ID>
  <GENRE>Documentary</GENRE>
  <AGE_GROUP>no restrictions</AGE_GROUP>
 </ROW>
 <ROW>
  <GENRE_ID>9</GENRE_ID>
  <GENRE>Western</GENRE>
  <AGE_GROUP>for children</AGE_GROUP>
 </ROW>
 <ROW>
  <GENRE_ID>10</GENRE_ID>
  <GENRE>Thriller</GENRE>
  <AGE_GROUP>for adults</AGE_GROUP>
 </ROW>
</ROWSET>
