<?xml version="1.0"?>
<ROWSET>
 <ROW>
  <ORDER_ID>1</ORDER_ID>
  <ORDER_DATE>2020-08-10T00:00:00.000</ORDER_DATE>
  <CUSTOMER_ID>18</CUSTOMER_ID>
 </ROW>
 <ROW>
  <ORDER_ID>2</ORDER_ID>
  <ORDER_DATE>2021-05-17T00:00:00.000</ORDER_DATE>
  <CUSTOMER_ID>93</CUSTOMER_ID>
 </ROW>
 <ROW>
  <ORDER_ID>3</ORDER_ID>
  <ORDER_DATE>2022-09-19T00:00:00.000</ORDER_DATE>
  <CUSTOMER_ID>11</CUSTOMER_ID>
 </ROW>
 <ROW>
  <ORDER_ID>4</ORDER_ID>
  <ORDER_DATE>2020-06-12T00:00:00.000</ORDER_DATE>
  <CUSTOMER_ID>59</CUSTOMER_ID>
 </ROW>
 <ROW>
  <ORDER_ID>5</ORDER_ID>
  <ORDER_DATE>2020-07-29T00:00:00.000</ORDER_DATE>
  <CUSTOMER_ID>90</CUSTOMER_ID>
 </ROW>
 <ROW>
  <ORDER_ID>6</ORDER_ID>
  <ORDER_DATE>2022-12-11T00:00:00.000</ORDER_DATE>
  <CUSTOMER_ID>29</CUSTOMER_ID>
 </ROW>
 <ROW>
  <ORDER_ID>7</ORDER_ID>
  <ORDER_DATE>2023-03-11T00:00:00.000</ORDER_DATE>
  <CUSTOMER_ID>15</CUSTOMER_ID>
 </ROW>
 <ROW>
  <ORDER_ID>8</ORDER_ID>
  <ORDER_DATE>2022-08-13T00:00:00.000</ORDER_DATE>
  <CUSTOMER_ID>85</CUSTOMER_ID>
 </ROW>
 <ROW>
  <ORDER_ID>9</ORDER_ID>
  <ORDER_DATE>2019-07-30T00:00:00.000</ORDER_DATE>
  <CUSTOMER_ID>25</CUSTOMER_ID>
 </ROW>
 <ROW>
  <ORDER_ID>10</ORDER_ID>
  <ORDER_DATE>2022-05-26T00:00:00.000</ORDER_DATE>
  <CUSTOMER_ID>33</CUSTOMER_ID>
 </ROW>
 <ROW>
  <ORDER_ID>11</ORDER_ID>
  <ORDER_DATE>2020-07-09T00:00:00.000</ORDER_DATE>
  <CUSTOMER_ID>84</CUSTOMER_ID>
 </ROW>
 <ROW>
  <ORDER_ID>12</ORDER_ID>
  <ORDER_DATE>2021-03-21T00:00:00.000</ORDER_DATE>
  <CUSTOMER_ID>82</CUSTOMER_ID>
 </ROW>
 <ROW>
  <ORDER_ID>13</ORDER_ID>
  <ORDER_DATE>2023-03-19T00:00:00.000</ORDER_DATE>
  <CUSTOMER_ID>53</CUSTOMER_ID>
 </ROW>
 <ROW>
  <ORDER_ID>14</ORDER_ID>
  <ORDER_DATE>2022-09-02T00:00:00.000</ORDER_DATE>
  <CUSTOMER_ID>24</CUSTOMER_ID>
 </ROW>
 <ROW>
  <ORDER_ID>15</ORDER_ID>
  <ORDER_DATE>2021-08-24T00:00:00.000</ORDER_DATE>
  <CUSTOMER_ID>96</CUSTOMER_ID>
 </ROW>
 <ROW>
  <ORDER_ID>16</ORDER_ID>
  <ORDER_DATE>2022-05-28T00:00:00.000</ORDER_DATE>
  <CUSTOMER_ID>8</CUSTOMER_ID>
 </ROW>
 <ROW>
  <ORDER_ID>17</ORDER_ID>
  <ORDER_DATE>2022-06-05T00:00:00.000</ORDER_DATE>
  <CUSTOMER_ID>46</CUSTOMER_ID>
 </ROW>
 <ROW>
  <ORDER_ID>18</ORDER_ID>
  <ORDER_DATE>2019-08-21T00:00:00.000</ORDER_DATE>
  <CUSTOMER_ID>61</CUSTOMER_ID>
 </ROW>
 <ROW>
  <ORDER_ID>19</ORDER_ID>
  <ORDER_DATE>2021-04-26T00:00:00.000</ORDER_DATE>
  <CUSTOMER_ID>21</CUSTOMER_ID>
 </ROW>
 <ROW>
  <ORDER_ID>20</ORDER_ID>
  <ORDER_DATE>2022-12-17T00:00:00.000</ORDER_DATE>
  <CUSTOMER_ID>87</CUSTOMER_ID>
 </ROW>
 <ROW>
  <ORDER_ID>21</ORDER_ID>
  <ORDER_DATE>2019-10-02T00:00:00.000</ORDER_DATE>
  <CUSTOMER_ID>53</CUSTOMER_ID>
 </ROW>
 <ROW>
  <ORDER_ID>22</ORDER_ID>
  <ORDER_DATE>2019-05-29T00:00:00.000</ORDER_DATE>
  <CUSTOMER_ID>79</CUSTOMER_ID>
 </ROW>
 <ROW>
  <ORDER_ID>23</ORDER_ID>
  <ORDER_DATE>2022-11-25T00:00:00.000</ORDER_DATE>
  <CUSTOMER_ID>60</CUSTOMER_ID>
 </ROW>
 <ROW>
  <ORDER_ID>24</ORDER_ID>
  <ORDER_DATE>2020-07-20T00:00:00.000</ORDER_DATE>
  <CUSTOMER_ID>75</CUSTOMER_ID>
 </ROW>
 <ROW>
  <ORDER_ID>25</ORDER_ID>
  <ORDER_DATE>2021-12-23T00:00:00.000</ORDER_DATE>
  <CUSTOMER_ID>61</CUSTOMER_ID>
 </ROW>
 <ROW>
  <ORDER_ID>26</ORDER_ID>
  <ORDER_DATE>2021-12-21T00:00:00.000</ORDER_DATE>
  <CUSTOMER_ID>31</CUSTOMER_ID>
 </ROW>
 <ROW>
  <ORDER_ID>27</ORDER_ID>
  <ORDER_DATE>2020-07-13T00:00:00.000</ORDER_DATE>
  <CUSTOMER_ID>48</CUSTOMER_ID>
 </ROW>
 <ROW>
  <ORDER_ID>28</ORDER_ID>
  <ORDER_DATE>2019-07-24T00:00:00.000</ORDER_DATE>
  <CUSTOMER_ID>100</CUSTOMER_ID>
 </ROW>
 <ROW>
  <ORDER_ID>29</ORDER_ID>
  <ORDER_DATE>2020-08-27T00:00:00.000</ORDER_DATE>
  <CUSTOMER_ID>70</CUSTOMER_ID>
 </ROW>
 <ROW>
  <ORDER_ID>30</ORDER_ID>
  <ORDER_DATE>2019-09-25T00:00:00.000</ORDER_DATE>
  <CUSTOMER_ID>4</CUSTOMER_ID>
 </ROW>
 <ROW>
  <ORDER_ID>31</ORDER_ID>
  <ORDER_DATE>2019-07-01T00:00:00.000</ORDER_DATE>
  <CUSTOMER_ID>55</CUSTOMER_ID>
 </ROW>
 <ROW>
  <ORDER_ID>32</ORDER_ID>
  <ORDER_DATE>2022-04-17T00:00:00.000</ORDER_DATE>
  <CUSTOMER_ID>27</CUSTOMER_ID>
 </ROW>
 <ROW>
  <ORDER_ID>33</ORDER_ID>
  <ORDER_DATE>2019-12-09T00:00:00.000</ORDER_DATE>
  <CUSTOMER_ID>17</CUSTOMER_ID>
 </ROW>
 <ROW>
  <ORDER_ID>34</ORDER_ID>
  <ORDER_DATE>2021-11-03T00:00:00.000</ORDER_DATE>
  <CUSTOMER_ID>43</CUSTOMER_ID>
 </ROW>
 <ROW>
  <ORDER_ID>35</ORDER_ID>
  <ORDER_DATE>2022-05-02T00:00:00.000</ORDER_DATE>
  <CUSTOMER_ID>17</CUSTOMER_ID>
 </ROW>
 <ROW>
  <ORDER_ID>36</ORDER_ID>
  <ORDER_DATE>2021-05-21T00:00:00.000</ORDER_DATE>
  <CUSTOMER_ID>57</CUSTOMER_ID>
 </ROW>
 <ROW>
  <ORDER_ID>37</ORDER_ID>
  <ORDER_DATE>2021-05-09T00:00:00.000</ORDER_DATE>
  <CUSTOMER_ID>51</CUSTOMER_ID>
 </ROW>
 <ROW>
  <ORDER_ID>38</ORDER_ID>
  <ORDER_DATE>2022-01-27T00:00:00.000</ORDER_DATE>
  <CUSTOMER_ID>43</CUSTOMER_ID>
 </ROW>
 <ROW>
  <ORDER_ID>39</ORDER_ID>
  <ORDER_DATE>2019-05-29T00:00:00.000</ORDER_DATE>
  <CUSTOMER_ID>87</CUSTOMER_ID>
 </ROW>
 <ROW>
  <ORDER_ID>40</ORDER_ID>
  <ORDER_DATE>2021-12-10T00:00:00.000</ORDER_DATE>
  <CUSTOMER_ID>20</CUSTOMER_ID>
 </ROW>
 <ROW>
  <ORDER_ID>41</ORDER_ID>
  <ORDER_DATE>2020-09-12T00:00:00.000</ORDER_DATE>
  <CUSTOMER_ID>72</CUSTOMER_ID>
 </ROW>
 <ROW>
  <ORDER_ID>42</ORDER_ID>
  <ORDER_DATE>2020-10-27T00:00:00.000</ORDER_DATE>
  <CUSTOMER_ID>7</CUSTOMER_ID>
 </ROW>
 <ROW>
  <ORDER_ID>43</ORDER_ID>
  <ORDER_DATE>2020-06-06T00:00:00.000</ORDER_DATE>
  <CUSTOMER_ID>28</CUSTOMER_ID>
 </ROW>
 <ROW>
  <ORDER_ID>44</ORDER_ID>
  <ORDER_DATE>2019-09-03T00:00:00.000</ORDER_DATE>
  <CUSTOMER_ID>66</CUSTOMER_ID>
 </ROW>
 <ROW>
  <ORDER_ID>45</ORDER_ID>
  <ORDER_DATE>2021-09-08T00:00:00.000</ORDER_DATE>
  <CUSTOMER_ID>64</CUSTOMER_ID>
 </ROW>
 <ROW>
  <ORDER_ID>46</ORDER_ID>
  <ORDER_DATE>2022-08-31T00:00:00.000</ORDER_DATE>
  <CUSTOMER_ID>32</CUSTOMER_ID>
 </ROW>
 <ROW>
  <ORDER_ID>47</ORDER_ID>
  <ORDER_DATE>2022-12-26T00:00:00.000</ORDER_DATE>
  <CUSTOMER_ID>34</CUSTOMER_ID>
 </ROW>
 <ROW>
  <ORDER_ID>48</ORDER_ID>
  <ORDER_DATE>2019-07-25T00:00:00.000</ORDER_DATE>
  <CUSTOMER_ID>53</CUSTOMER_ID>
 </ROW>
 <ROW>
  <ORDER_ID>49</ORDER_ID>
  <ORDER_DATE>2019-11-29T00:00:00.000</ORDER_DATE>
  <CUSTOMER_ID>77</CUSTOMER_ID>
 </ROW>
 <ROW>
  <ORDER_ID>50</ORDER_ID>
  <ORDER_DATE>2020-12-20T00:00:00.000</ORDER_DATE>
  <CUSTOMER_ID>74</CUSTOMER_ID>
 </ROW>
 <ROW>
  <ORDER_ID>51</ORDER_ID>
  <ORDER_DATE>2019-11-24T00:00:00.000</ORDER_DATE>
  <CUSTOMER_ID>40</CUSTOMER_ID>
 </ROW>
 <ROW>
  <ORDER_ID>52</ORDER_ID>
  <ORDER_DATE>2023-03-19T00:00:00.000</ORDER_DATE>
  <CUSTOMER_ID>26</CUSTOMER_ID>
 </ROW>
 <ROW>
  <ORDER_ID>53</ORDER_ID>
  <ORDER_DATE>2022-09-24T00:00:00.000</ORDER_DATE>
  <CUSTOMER_ID>82</CUSTOMER_ID>
 </ROW>
 <ROW>
  <ORDER_ID>54</ORDER_ID>
  <ORDER_DATE>2019-11-12T00:00:00.000</ORDER_DATE>
  <CUSTOMER_ID>57</CUSTOMER_ID>
 </ROW>
 <ROW>
  <ORDER_ID>55</ORDER_ID>
  <ORDER_DATE>2019-06-30T00:00:00.000</ORDER_DATE>
  <CUSTOMER_ID>23</CUSTOMER_ID>
 </ROW>
 <ROW>
  <ORDER_ID>56</ORDER_ID>
  <ORDER_DATE>2021-10-08T00:00:00.000</ORDER_DATE>
  <CUSTOMER_ID>98</CUSTOMER_ID>
 </ROW>
 <ROW>
  <ORDER_ID>57</ORDER_ID>
  <ORDER_DATE>2021-10-20T00:00:00.000</ORDER_DATE>
  <CUSTOMER_ID>96</CUSTOMER_ID>
 </ROW>
 <ROW>
  <ORDER_ID>58</ORDER_ID>
  <ORDER_DATE>2020-05-30T00:00:00.000</ORDER_DATE>
  <CUSTOMER_ID>13</CUSTOMER_ID>
 </ROW>
 <ROW>
  <ORDER_ID>59</ORDER_ID>
  <ORDER_DATE>2021-04-27T00:00:00.000</ORDER_DATE>
  <CUSTOMER_ID>19</CUSTOMER_ID>
 </ROW>
 <ROW>
  <ORDER_ID>60</ORDER_ID>
  <ORDER_DATE>2020-10-23T00:00:00.000</ORDER_DATE>
  <CUSTOMER_ID>79</CUSTOMER_ID>
 </ROW>
 <ROW>
  <ORDER_ID>61</ORDER_ID>
  <ORDER_DATE>2019-08-05T00:00:00.000</ORDER_DATE>
  <CUSTOMER_ID>76</CUSTOMER_ID>
 </ROW>
 <ROW>
  <ORDER_ID>62</ORDER_ID>
  <ORDER_DATE>2021-03-18T00:00:00.000</ORDER_DATE>
  <CUSTOMER_ID>6</CUSTOMER_ID>
 </ROW>
 <ROW>
  <ORDER_ID>63</ORDER_ID>
  <ORDER_DATE>2021-06-15T00:00:00.000</ORDER_DATE>
  <CUSTOMER_ID>39</CUSTOMER_ID>
 </ROW>
 <ROW>
  <ORDER_ID>64</ORDER_ID>
  <ORDER_DATE>2020-02-16T00:00:00.000</ORDER_DATE>
  <CUSTOMER_ID>37</CUSTOMER_ID>
 </ROW>
 <ROW>
  <ORDER_ID>65</ORDER_ID>
  <ORDER_DATE>2019-07-22T00:00:00.000</ORDER_DATE>
  <CUSTOMER_ID>87</CUSTOMER_ID>
 </ROW>
 <ROW>
  <ORDER_ID>66</ORDER_ID>
  <ORDER_DATE>2021-09-06T00:00:00.000</ORDER_DATE>
  <CUSTOMER_ID>14</CUSTOMER_ID>
 </ROW>
 <ROW>
  <ORDER_ID>67</ORDER_ID>
  <ORDER_DATE>2022-02-23T00:00:00.000</ORDER_DATE>
  <CUSTOMER_ID>81</CUSTOMER_ID>
 </ROW>
 <ROW>
  <ORDER_ID>68</ORDER_ID>
  <ORDER_DATE>2020-06-26T00:00:00.000</ORDER_DATE>
  <CUSTOMER_ID>75</CUSTOMER_ID>
 </ROW>
 <ROW>
  <ORDER_ID>69</ORDER_ID>
  <ORDER_DATE>2019-08-25T00:00:00.000</ORDER_DATE>
  <CUSTOMER_ID>40</CUSTOMER_ID>
 </ROW>
 <ROW>
  <ORDER_ID>70</ORDER_ID>
  <ORDER_DATE>2020-03-12T00:00:00.000</ORDER_DATE>
  <CUSTOMER_ID>37</CUSTOMER_ID>
 </ROW>
 <ROW>
  <ORDER_ID>71</ORDER_ID>
  <ORDER_DATE>2020-10-31T00:00:00.000</ORDER_DATE>
  <CUSTOMER_ID>15</CUSTOMER_ID>
 </ROW>
 <ROW>
  <ORDER_ID>72</ORDER_ID>
  <ORDER_DATE>2021-07-22T00:00:00.000</ORDER_DATE>
  <CUSTOMER_ID>66</CUSTOMER_ID>
 </ROW>
 <ROW>
  <ORDER_ID>73</ORDER_ID>
  <ORDER_DATE>2021-06-17T00:00:00.000</ORDER_DATE>
  <CUSTOMER_ID>54</CUSTOMER_ID>
 </ROW>
 <ROW>
  <ORDER_ID>74</ORDER_ID>
  <ORDER_DATE>2020-01-23T00:00:00.000</ORDER_DATE>
  <CUSTOMER_ID>55</CUSTOMER_ID>
 </ROW>
 <ROW>
  <ORDER_ID>75</ORDER_ID>
  <ORDER_DATE>2023-04-09T00:00:00.000</ORDER_DATE>
  <CUSTOMER_ID>73</CUSTOMER_ID>
 </ROW>
 <ROW>
  <ORDER_ID>76</ORDER_ID>
  <ORDER_DATE>2022-09-04T00:00:00.000</ORDER_DATE>
  <CUSTOMER_ID>45</CUSTOMER_ID>
 </ROW>
 <ROW>
  <ORDER_ID>77</ORDER_ID>
  <ORDER_DATE>2020-04-27T00:00:00.000</ORDER_DATE>
  <CUSTOMER_ID>81</CUSTOMER_ID>
 </ROW>
 <ROW>
  <ORDER_ID>78</ORDER_ID>
  <ORDER_DATE>2020-06-08T00:00:00.000</ORDER_DATE>
  <CUSTOMER_ID>36</CUSTOMER_ID>
 </ROW>
 <ROW>
  <ORDER_ID>79</ORDER_ID>
  <ORDER_DATE>2019-12-14T00:00:00.000</ORDER_DATE>
  <CUSTOMER_ID>59</CUSTOMER_ID>
 </ROW>
 <ROW>
  <ORDER_ID>80</ORDER_ID>
  <ORDER_DATE>2019-07-18T00:00:00.000</ORDER_DATE>
  <CUSTOMER_ID>24</CUSTOMER_ID>
 </ROW>
 <ROW>
  <ORDER_ID>81</ORDER_ID>
  <ORDER_DATE>2021-01-02T00:00:00.000</ORDER_DATE>
  <CUSTOMER_ID>73</CUSTOMER_ID>
 </ROW>
 <ROW>
  <ORDER_ID>82</ORDER_ID>
  <ORDER_DATE>2023-02-01T00:00:00.000</ORDER_DATE>
  <CUSTOMER_ID>52</CUSTOMER_ID>
 </ROW>
 <ROW>
  <ORDER_ID>83</ORDER_ID>
  <ORDER_DATE>2021-10-11T00:00:00.000</ORDER_DATE>
  <CUSTOMER_ID>6</CUSTOMER_ID>
 </ROW>
 <ROW>
  <ORDER_ID>84</ORDER_ID>
  <ORDER_DATE>2019-07-20T00:00:00.000</ORDER_DATE>
  <CUSTOMER_ID>88</CUSTOMER_ID>
 </ROW>
 <ROW>
  <ORDER_ID>85</ORDER_ID>
  <ORDER_DATE>2022-12-03T00:00:00.000</ORDER_DATE>
  <CUSTOMER_ID>24</CUSTOMER_ID>
 </ROW>
 <ROW>
  <ORDER_ID>86</ORDER_ID>
  <ORDER_DATE>2023-01-22T00:00:00.000</ORDER_DATE>
  <CUSTOMER_ID>39</CUSTOMER_ID>
 </ROW>
 <ROW>
  <ORDER_ID>87</ORDER_ID>
  <ORDER_DATE>2019-05-26T00:00:00.000</ORDER_DATE>
  <CUSTOMER_ID>7</CUSTOMER_ID>
 </ROW>
 <ROW>
  <ORDER_ID>88</ORDER_ID>
  <ORDER_DATE>2020-08-26T00:00:00.000</ORDER_DATE>
  <CUSTOMER_ID>57</CUSTOMER_ID>
 </ROW>
 <ROW>
  <ORDER_ID>89</ORDER_ID>
  <ORDER_DATE>2020-10-04T00:00:00.000</ORDER_DATE>
  <CUSTOMER_ID>14</CUSTOMER_ID>
 </ROW>
 <ROW>
  <ORDER_ID>90</ORDER_ID>
  <ORDER_DATE>2019-03-22T00:00:00.000</ORDER_DATE>
  <CUSTOMER_ID>73</CUSTOMER_ID>
 </ROW>
 <ROW>
  <ORDER_ID>91</ORDER_ID>
  <ORDER_DATE>2020-03-30T00:00:00.000</ORDER_DATE>
  <CUSTOMER_ID>97</CUSTOMER_ID>
 </ROW>
 <ROW>
  <ORDER_ID>92</ORDER_ID>
  <ORDER_DATE>2020-07-21T00:00:00.000</ORDER_DATE>
  <CUSTOMER_ID>97</CUSTOMER_ID>
 </ROW>
 <ROW>
  <ORDER_ID>93</ORDER_ID>
  <ORDER_DATE>2021-04-09T00:00:00.000</ORDER_DATE>
  <CUSTOMER_ID>52</CUSTOMER_ID>
 </ROW>
 <ROW>
  <ORDER_ID>94</ORDER_ID>
  <ORDER_DATE>2022-10-11T00:00:00.000</ORDER_DATE>
  <CUSTOMER_ID>16</CUSTOMER_ID>
 </ROW>
 <ROW>
  <ORDER_ID>95</ORDER_ID>
  <ORDER_DATE>2020-11-14T00:00:00.000</ORDER_DATE>
  <CUSTOMER_ID>10</CUSTOMER_ID>
 </ROW>
 <ROW>
  <ORDER_ID>96</ORDER_ID>
  <ORDER_DATE>2019-07-31T00:00:00.000</ORDER_DATE>
  <CUSTOMER_ID>92</CUSTOMER_ID>
 </ROW>
 <ROW>
  <ORDER_ID>97</ORDER_ID>
  <ORDER_DATE>2022-09-18T00:00:00.000</ORDER_DATE>
  <CUSTOMER_ID>46</CUSTOMER_ID>
 </ROW>
 <ROW>
  <ORDER_ID>98</ORDER_ID>
  <ORDER_DATE>2022-01-19T00:00:00.000</ORDER_DATE>
  <CUSTOMER_ID>100</CUSTOMER_ID>
 </ROW>
 <ROW>
  <ORDER_ID>99</ORDER_ID>
  <ORDER_DATE>2021-03-01T00:00:00.000</ORDER_DATE>
  <CUSTOMER_ID>44</CUSTOMER_ID>
 </ROW>
 <ROW>
  <ORDER_ID>100</ORDER_ID>
  <ORDER_DATE>2020-08-18T00:00:00.000</ORDER_DATE>
  <CUSTOMER_ID>59</CUSTOMER_ID>
 </ROW>
</ROWSET>
