<?xml version="1.0"?>
<ROWSET>
 <ROW>
  <PUBLISHER_ID>1</PUBLISHER_ID>
  <ADDRESS>1820 Packers Center</ADDRESS>
  <PUBLISHER_NAME>Bibby Boram</PUBLISHER_NAME>
  <EMAIL>bboram0@friendfeed.com</EMAIL>
  <PHONE_NUMBER>222-672-3582</PHONE_NUMBER>
 </ROW>
 <ROW>
  <PUBLISHER_ID>2</PUBLISHER_ID>
  <ADDRESS>11 Mockingbird Court</ADDRESS>
  <PUBLISHER_NAME>Ariel Probat</PUBLISHER_NAME>
  <EMAIL>aprobat1@timesonline.co.uk</EMAIL>
  <PHONE_NUMBER>558-178-8352</PHONE_NUMBER>
 </ROW>
 <ROW>
  <PUBLISHER_ID>3</PUBLISHER_ID>
  <ADDRESS>53405 Eagle Crest Court</ADDRESS>
  <PUBLISHER_NAME>Filippa Hebner</PUBLISHER_NAME>
  <EMAIL>fhebner2@tripadvisor.com</EMAIL>
  <PHONE_NUMBER>799-490-1914</PHONE_NUMBER>
 </ROW>
 <ROW>
  <PUBLISHER_ID>4</PUBLISHER_ID>
  <ADDRESS>699 Waywood Avenue</ADDRESS>
  <PUBLISHER_NAME>Marna Keeri</PUBLISHER_NAME>
  <EMAIL>mkeeri3@tinypic.com</EMAIL>
  <PHONE_NUMBER>975-935-4061</PHONE_NUMBER>
 </ROW>
 <ROW>
  <PUBLISHER_ID>5</PUBLISHER_ID>
  <ADDRESS>35784 7th Plaza</ADDRESS>
  <PUBLISHER_NAME>Axel Essex</PUBLISHER_NAME>
  <EMAIL>aessex4@t.co</EMAIL>
  <PHONE_NUMBER>735-147-0255</PHONE_NUMBER>
 </ROW>
 <ROW>
  <PUBLISHER_ID>6</PUBLISHER_ID>
  <ADDRESS>09505 Kropf Way</ADDRESS>
  <PUBLISHER_NAME>Hildy Maltster</PUBLISHER_NAME>
  <EMAIL>hmaltster5@elpais.com</EMAIL>
  <PHONE_NUMBER>231-734-1775</PHONE_NUMBER>
 </ROW>
 <ROW>
  <PUBLISHER_ID>7</PUBLISHER_ID>
  <ADDRESS>35242 Hallows Circle</ADDRESS>
  <PUBLISHER_NAME>Freddie Orth</PUBLISHER_NAME>
  <EMAIL>forth6@altervista.org</EMAIL>
  <PHONE_NUMBER>184-622-2728</PHONE_NUMBER>
 </ROW>
 <ROW>
  <PUBLISHER_ID>8</PUBLISHER_ID>
  <ADDRESS>815 Crest Line Drive</ADDRESS>
  <PUBLISHER_NAME>Essa Girth</PUBLISHER_NAME>
  <EMAIL>egirth7@goo.ne.jp</EMAIL>
  <PHONE_NUMBER>626-450-6993</PHONE_NUMBER>
 </ROW>
 <ROW>
  <PUBLISHER_ID>9</PUBLISHER_ID>
  <ADDRESS>504 Hovde Place</ADDRESS>
  <PUBLISHER_NAME>Jeffrey Simon</PUBLISHER_NAME>
  <EMAIL>jsimon8@tripod.com</EMAIL>
  <PHONE_NUMBER>652-556-7809</PHONE_NUMBER>
 </ROW>
 <ROW>
  <PUBLISHER_ID>10</PUBLISHER_ID>
  <ADDRESS>42 Dunning Terrace</ADDRESS>
  <PUBLISHER_NAME>Serena Wiggans</PUBLISHER_NAME>
  <EMAIL>swiggans9@scribd.com</EMAIL>
  <PHONE_NUMBER>761-908-7222</PHONE_NUMBER>
 </ROW>
 <ROW>
  <PUBLISHER_ID>11</PUBLISHER_ID>
  <ADDRESS>7 Grasskamp Lane</ADDRESS>
  <PUBLISHER_NAME>Sidnee Cocker</PUBLISHER_NAME>
  <EMAIL>scockera@wufoo.com</EMAIL>
  <PHONE_NUMBER>374-757-0369</PHONE_NUMBER>
 </ROW>
 <ROW>
  <PUBLISHER_ID>12</PUBLISHER_ID>
  <ADDRESS>72 Scofield Park</ADDRESS>
  <PUBLISHER_NAME>Trish Le Breton De La Vieuville</PUBLISHER_NAME>
  <EMAIL>tleb@digg.com</EMAIL>
  <PHONE_NUMBER>390-533-4922</PHONE_NUMBER>
 </ROW>
 <ROW>
  <PUBLISHER_ID>13</PUBLISHER_ID>
  <ADDRESS>388 Petterle Way</ADDRESS>
  <PUBLISHER_NAME>Tonya Dietz</PUBLISHER_NAME>
  <EMAIL>tdietzc@cdc.gov</EMAIL>
  <PHONE_NUMBER>989-409-6136</PHONE_NUMBER>
 </ROW>
 <ROW>
  <PUBLISHER_ID>14</PUBLISHER_ID>
  <ADDRESS>322 Union Drive</ADDRESS>
  <PUBLISHER_NAME>Cissiee Jennins</PUBLISHER_NAME>
  <EMAIL>cjenninsd@home.pl</EMAIL>
  <PHONE_NUMBER>176-452-1269</PHONE_NUMBER>
 </ROW>
 <ROW>
  <PUBLISHER_ID>15</PUBLISHER_ID>
  <ADDRESS>346 Portage Junction</ADDRESS>
  <PUBLISHER_NAME>Ariel Bellows</PUBLISHER_NAME>
  <EMAIL>abellowse@desdev.cn</EMAIL>
  <PHONE_NUMBER>432-658-3346</PHONE_NUMBER>
 </ROW>
 <ROW>
  <PUBLISHER_ID>16</PUBLISHER_ID>
  <ADDRESS>54071 Lotheville Park</ADDRESS>
  <PUBLISHER_NAME>Janeen Scade</PUBLISHER_NAME>
  <EMAIL>jscadef@virginia.edu</EMAIL>
  <PHONE_NUMBER>103-228-8589</PHONE_NUMBER>
 </ROW>
 <ROW>
  <PUBLISHER_ID>17</PUBLISHER_ID>
  <ADDRESS>5 Hauk Road</ADDRESS>
  <PUBLISHER_NAME>Gage Steels</PUBLISHER_NAME>
  <EMAIL>gsteelsg@netlog.com</EMAIL>
  <PHONE_NUMBER>471-380-4942</PHONE_NUMBER>
 </ROW>
 <ROW>
  <PUBLISHER_ID>18</PUBLISHER_ID>
  <ADDRESS>14 Hudson Lane</ADDRESS>
  <PUBLISHER_NAME>Aksel Tatlock</PUBLISHER_NAME>
  <EMAIL>atatlockh@geocities.jp</EMAIL>
  <PHONE_NUMBER>481-947-2304</PHONE_NUMBER>
 </ROW>
 <ROW>
  <PUBLISHER_ID>19</PUBLISHER_ID>
  <ADDRESS>87 Autumn Leaf Lane</ADDRESS>
  <PUBLISHER_NAME>Lonee Duchateau</PUBLISHER_NAME>
  <EMAIL>lduchateaui@bloomberg.com</EMAIL>
  <PHONE_NUMBER>161-436-9061</PHONE_NUMBER>
 </ROW>
 <ROW>
  <PUBLISHER_ID>20</PUBLISHER_ID>
  <ADDRESS>9 Armistice Place</ADDRESS>
  <PUBLISHER_NAME>Kathe Ulyatt</PUBLISHER_NAME>
  <EMAIL>kulyattj@parallels.com</EMAIL>
  <PHONE_NUMBER>381-815-1986</PHONE_NUMBER>
 </ROW>
</ROWSET>
