<?xml version="1.0"?>
<ROWSET>
 <ROW>
  <REVIEW_ID>1</REVIEW_ID>
  <CUSTOMER_ID>85</CUSTOMER_ID>
  <TEXT>Integer ac neque. Duis bibendum. Morbi non quam nec dui luctus rutrum.</TEXT>
  <RATING>8.7</RATING>
 </ROW>
 <ROW>
  <REVIEW_ID>2</REVIEW_ID>
  <CUSTOMER_ID>41</CUSTOMER_ID>
  <TEXT>Quisque arcu libero, rutrum ac, lobortis vel, dapibus at, diam. Nam tristique tortor eu pede.</TEXT>
  <RATING>2</RATING>
 </ROW>
 <ROW>
  <REVIEW_ID>3</REVIEW_ID>
  <CUSTOMER_ID>49</CUSTOMER_ID>
  <TEXT>Suspendisse potenti. Nullam porttitor lacus at turpis. Donec posuere metus vitae ipsum.</TEXT>
  <RATING>2</RATING>
 </ROW>
 <ROW>
  <REVIEW_ID>4</REVIEW_ID>
  <CUSTOMER_ID>72</CUSTOMER_ID>
  <TEXT>Maecenas ut massa quis augue luctus tincidunt. Nulla mollis molestie lorem.</TEXT>
  <RATING>3.7</RATING>
 </ROW>
 <ROW>
  <REVIEW_ID>5</REVIEW_ID>
  <CUSTOMER_ID>42</CUSTOMER_ID>
  <TEXT>In hac habitasse platea dictumst. Etiam faucibus cursus urna.</TEXT>
  <RATING>1.2</RATING>
 </ROW>
 <ROW>
  <REVIEW_ID>6</REVIEW_ID>
  <CUSTOMER_ID>60</CUSTOMER_ID>
  <TEXT>Mauris ullamcorper purus sit amet nulla.</TEXT>
  <RATING>3.8</RATING>
 </ROW>
 <ROW>
  <REVIEW_ID>7</REVIEW_ID>
  <CUSTOMER_ID>66</CUSTOMER_ID>
  <TEXT>Nullam sit amet turpis elementum ligula vehicula consequat. Morbi a ipsum.</TEXT>
  <RATING>1.3</RATING>
 </ROW>
 <ROW>
  <REVIEW_ID>8</REVIEW_ID>
  <CUSTOMER_ID>44</CUSTOMER_ID>
  <TEXT>In quis justo. Maecenas rhoncus aliquam lacus. Morbi quis tortor id nulla ultrices aliquet.</TEXT>
  <RATING>5</RATING>
 </ROW>
 <ROW>
  <REVIEW_ID>9</REVIEW_ID>
  <CUSTOMER_ID>46</CUSTOMER_ID>
  <TEXT>Nulla neque libero, convallis eget, eleifend luctus, ultricies eu, nibh. Quisque id justo sit amet sapien dignissim vestibulum.</TEXT>
  <RATING>4.1</RATING>
 </ROW>
 <ROW>
  <REVIEW_ID>10</REVIEW_ID>
  <CUSTOMER_ID>84</CUSTOMER_ID>
  <TEXT>Vestibulum ac est lacinia nisi venenatis tristique.</TEXT>
  <RATING>5.3</RATING>
 </ROW>
 <ROW>
  <REVIEW_ID>11</REVIEW_ID>
  <CUSTOMER_ID>25</CUSTOMER_ID>
  <TEXT>Suspendisse potenti. Cras in purus eu magna vulputate luctus.</TEXT>
  <RATING>1.9</RATING>
 </ROW>
 <ROW>
  <REVIEW_ID>12</REVIEW_ID>
  <CUSTOMER_ID>87</CUSTOMER_ID>
  <TEXT>Sed ante. Vivamus tortor. Duis mattis egestas metus.</TEXT>
  <RATING>4.2</RATING>
 </ROW>
 <ROW>
  <REVIEW_ID>13</REVIEW_ID>
  <CUSTOMER_ID>85</CUSTOMER_ID>
  <TEXT>Duis aliquam convallis nunc.</TEXT>
  <RATING>5.4</RATING>
 </ROW>
 <ROW>
  <REVIEW_ID>14</REVIEW_ID>
  <CUSTOMER_ID>59</CUSTOMER_ID>
  <TEXT>Duis bibendum, felis sed interdum venenatis, turpis enim blandit mi, in porttitor pede justo eu massa. Donec dapibus. Duis at velit eu est congue elementum.</TEXT>
  <RATING>8.2</RATING>
 </ROW>
 <ROW>
  <REVIEW_ID>15</REVIEW_ID>
  <CUSTOMER_ID>19</CUSTOMER_ID>
  <TEXT>Integer tincidunt ante vel ipsum.</TEXT>
  <RATING>9.3</RATING>
 </ROW>
 <ROW>
  <REVIEW_ID>16</REVIEW_ID>
  <CUSTOMER_ID>14</CUSTOMER_ID>
  <TEXT>Aenean auctor gravida sem.</TEXT>
  <RATING>8.7</RATING>
 </ROW>
 <ROW>
  <REVIEW_ID>17</REVIEW_ID>
  <CUSTOMER_ID>9</CUSTOMER_ID>
  <TEXT>Integer a nibh. In quis justo. Maecenas rhoncus aliquam lacus.</TEXT>
  <RATING>6.1</RATING>
 </ROW>
 <ROW>
  <REVIEW_ID>18</REVIEW_ID>
  <CUSTOMER_ID>80</CUSTOMER_ID>
  <TEXT>Aliquam non mauris. Morbi non lectus. Aliquam sit amet diam in magna bibendum imperdiet.</TEXT>
  <RATING>9.4</RATING>
 </ROW>
 <ROW>
  <REVIEW_ID>19</REVIEW_ID>
  <CUSTOMER_ID>23</CUSTOMER_ID>
  <TEXT>Nulla neque libero, convallis eget, eleifend luctus, ultricies eu, nibh. Quisque id justo sit amet sapien dignissim vestibulum. Vestibulum ante ipsum primis in faucibus orci luctus et ultrices posuere cubilia Curae; Nulla dapibus dolor vel est.</TEXT>
  <RATING>3.3</RATING>
 </ROW>
 <ROW>
  <REVIEW_ID>20</REVIEW_ID>
  <CUSTOMER_ID>8</CUSTOMER_ID>
  <TEXT>Aliquam non mauris. Morbi non lectus. Aliquam sit amet diam in magna bibendum imperdiet.</TEXT>
  <RATING>5.9</RATING>
 </ROW>
 <ROW>
  <REVIEW_ID>21</REVIEW_ID>
  <CUSTOMER_ID>34</CUSTOMER_ID>
  <TEXT>Vestibulum ante ipsum primis in faucibus orci luctus et ultrices posuere cubilia Curae; Donec pharetra, magna vestibulum aliquet ultrices, erat tortor sollicitudin mi, sit amet lobortis sapien sapien non mi.</TEXT>
  <RATING>3.4</RATING>
 </ROW>
 <ROW>
  <REVIEW_ID>22</REVIEW_ID>
  <CUSTOMER_ID>66</CUSTOMER_ID>
  <TEXT>Maecenas leo odio, condimentum id, luctus nec, molestie sed, justo. Pellentesque viverra pede ac diam.</TEXT>
  <RATING>5.9</RATING>
 </ROW>
 <ROW>
  <REVIEW_ID>23</REVIEW_ID>
  <CUSTOMER_ID>65</CUSTOMER_ID>
  <TEXT>Nulla mollis molestie lorem. Quisque ut erat.</TEXT>
  <RATING>4.1</RATING>
 </ROW>
 <ROW>
  <REVIEW_ID>24</REVIEW_ID>
  <CUSTOMER_ID>37</CUSTOMER_ID>
  <TEXT>Ut at dolor quis odio consequat varius.</TEXT>
  <RATING>1.8</RATING>
 </ROW>
 <ROW>
  <REVIEW_ID>25</REVIEW_ID>
  <CUSTOMER_ID>87</CUSTOMER_ID>
  <TEXT>Nulla mollis molestie lorem. Quisque ut erat.</TEXT>
  <RATING>3.7</RATING>
 </ROW>
 <ROW>
  <REVIEW_ID>26</REVIEW_ID>
  <CUSTOMER_ID>14</CUSTOMER_ID>
  <TEXT>Integer aliquet, massa id lobortis convallis, tortor risus dapibus augue, vel accumsan tellus nisi eu orci. Mauris lacinia sapien quis libero. Nullam sit amet turpis elementum ligula vehicula consequat.</TEXT>
  <RATING>6.4</RATING>
 </ROW>
 <ROW>
  <REVIEW_ID>27</REVIEW_ID>
  <CUSTOMER_ID>5</CUSTOMER_ID>
  <TEXT>Donec ut mauris eget massa tempor convallis.</TEXT>
  <RATING>3.1</RATING>
 </ROW>
 <ROW>
  <REVIEW_ID>28</REVIEW_ID>
  <CUSTOMER_ID>59</CUSTOMER_ID>
  <TEXT>Donec semper sapien a libero.</TEXT>
  <RATING>9.3</RATING>
 </ROW>
 <ROW>
  <REVIEW_ID>29</REVIEW_ID>
  <CUSTOMER_ID>31</CUSTOMER_ID>
  <TEXT>Nulla tellus. In sagittis dui vel nisl. Duis ac nibh.</TEXT>
  <RATING>2.9</RATING>
 </ROW>
 <ROW>
  <REVIEW_ID>30</REVIEW_ID>
  <CUSTOMER_ID>73</CUSTOMER_ID>
  <TEXT>Mauris lacinia sapien quis libero. Nullam sit amet turpis elementum ligula vehicula consequat. Morbi a ipsum.</TEXT>
  <RATING>9.9</RATING>
 </ROW>
</ROWSET>
